A26F0240
A26F0236
A26F0234
A26F0232
A26C0081
A26C0080
A26C0079
A26F0230
A26C0078
A26W0088
A26C0076
A26F0228
A26F0227
A26P0084
A26C0075
A26Q0095
A26A0046
A26C0074
A26F0225
A26Q0094
A26F0221
A26C0071
A26F0219
A26Q0092
A26F0216
A26P0078
A26W0084
A26Q0091
A26W0083
A26F0213
A26Q0089
A26W0081
A26O0088
A26O0087
A26A0043
A26Q0088
A26W0080
A26C0069
A26A0041
A26F0206
A26Q0086
A26A0039
A26C0067
A26F0204
A26Q0082
A26F0202
A26A0038
A26C0066
A26C0065
A26Q0079
A26F0197
A26Q0078
A26F0196
A26F0195
A26F0195
A26C0062
A26F0194
A26P0072
A26Q0077
A26C0061
A26C0059
A26C0058
A26A0037
A26F0191
A26Q0074
A26P0070
A26Q0073
A26W0079
A26F0189
A26F0188
A26O0084
A26O0084
A26O0083
A26P0069
A26P0068
A26W0077
A26W0076
A26Q0070
A26Q0069
A26F0182
A26A0035
A26F0180
A26Q0067
A26O0080
A26C0057
A26C0056
A26A0034
A26O0079
A26O0078
A26O0077
A26F0177
A26C0053
A26O0075
A26W0075
A26O0074
A26O0073
A26F0175
A26C0051
A26P0066
A26P0066
A26F0173
A26P0065
A26C0050
A26C0050
A26Q0064
A26W0074
A26Q0063
A26W0073
A26F0170
A26Q0060
A26F0169
A26A0033
A26Q0059
A26P0064
A26W0072
A26F0167
A26W0071
A26W0070
A26C0049
A26O0069
A26Q0056
A26A0032
A26W0069
A26W0068
A26W0067
A26W0066
A26W0065
A26W0064
A26O0064
A26F0162
A26Q0055
A26F0161
A26F0161
A26A0031
A26P0060
A26F0157
A26A0029
A26O0061
A26F0156
A26O0060
A26P0058
A26P0057
A26O0059
A26Q0054
A26W0061
A26Q0053
A26P0056
A26C0044
A26W0060
A26W0059
A26O0057
A26O0055
A26C0043
A26F0144
A26F0143
A26A0028
A26W0056
A26C0042
A26O0054
A26P0054
A26P0054
A26Q0051
A26F0140
A26Q0050
A26F0139
A26P0052
A26O0050
A26O0048
A26F0138
A26F0137
A26Q0049
A26A0027
A26C0041
A26W0051
A26O0047
A26C0040
A26Q0047
A26A0026
A26A0026
A26C0039
A26O0046
A26F0134
A26C0038
A26C0037
A26C0036
A26P0050
A26Q0045
A26Q0044
A26F0133
A26F0132
A26P0049
A26O0045
A26F0130
A26F0129
A26A0025
A26O0044
A26F0127
A26F0126
A26C0035
A26C0035
A26Q0043
A26P0047
A26A0024
A26W0048
A26Q0041
A26F0122
A26O0043
A26O0042
A26O0041
A26Q0040
A26W0047
A26F0120
A26C0032
A26F0118
A26O0040
A26O0039
A26F0116
A26O0038
A26C0031
A26P0046
A26P0045
A26P0044
A26Q0039
A26F0114
A26F0113
A26F0112
A26F0111
A26F0110
A26W0045
A26W0044
A26W0044
A26F0109
A26A0022
A26Q0038
A26P0042
A26Q0037
A26W0042
A26F0107
A26F0106
A26A0021
A26Q0036
A26W0040
A26W0039
A26Q0035
A26Q0033
A26A0020
A26O0035
A26C0028
A26P0040
A26F0105
A26A0018
A26P0039
A26F0103
A26F0101
A26W0038
A26W0037
A26P0037
A26P0036
A26Q0031
A26A0017
A26F0098
A26F0097
A26Q0029
A26Q0028
A26C0027
A26W0036
A26W0035
A26W0034
A26C0026
A26A0015
A26P0034
A26C0024
A26O0032
A26O0031
A26F0090
A26F0089
A26P0032
A26P0031
A26F0085
A26F0081
A26W0032
A26W0031
A26P0029
A26Q0025
A26W0030
A26F0079
A26F0078
A26F0078
A26W0029
A26W0029
A26Q0024
A26P0028
A26F0077
A26W0027
A26F0075
A26C0023
A26Q0023
A26F0074
A26P0027
A26A0013
A26W0026
A26P0026
A26P0026
A26P0026
A26P0025
A26P0024
A26A0012
A26F0070
A26O0028
A26C0022
A26F0068
A26P0023
A26C0020
A26O0027
A26O0025
A26C0019
A26O0024
A26O0023
A26P0022
A26P0022
A26P0022
A26P0021
A26P0021
A26Q0022
A26C0018
A26W0024
A26F0064
A26Q0021
A26O0022
A26P0020
A26Q0020
A26P0019
A26P0018
A26C0016
A26P0016
A26P0016
A26P0016
A26F0060
A26F0059
A26C0014
A26C0013
A26O0021
A26A0011
A26W0022
A26W0021
A26W0020
A26F0056
A26C0012
A26O0020
A26O0019
A26C0011
A26C0010
A26Q0018
A26Q0016
A26Q0014
A26Q0013
A26Q0012
A26A0009
A26F0055
A26F0054
A26F0053
A26P0012
A26F0051
A26C0009
A26C0009
A26O0017
A26O0016
A26O0015
A26O0015
A26A0007
A26W0017
A26C0008
A26C0007
A26Q0010
A26C0006
A26F0045
A26P0009
A26W0016
A26W0015
A26P0008
A26W0014
A26W0013
A26O0014
A26Q0008
A26O0012
A26O0011
A26C0004
A26F0039
A26F0038
A26F0037
A26A0006
A26P0007
A26O0008
A26O0008
A26P0006
A26P0005
A26W0012
A26F0034
A26F0033
A26W0011
A26W0010
A25C0147
A26F0029
A26A0005
A26A0004
A26A0003
A26F0024
A26F0020
A26F0019
A26C0003
A26Q0006
A26Q0005
A26F0017
A26O0007
A26F0016
A26F0015
A26F0014
A25O0209
A26W0007
A26W0007
A26W0006
A26C0002
A25F0453
A25O0208
A26W0005
A25O0207
A26Q0004
A25P0198
A26O0006
A26O0005
A25F0452
A25F0451
A25F0451
A26F0010
A25P0197
A25P0196
A26P0002
A26A0002
A26F0006
A26O0004
A25W0175
A26O0003
A25F0450
A25F0450
A25O0205
A26A0001
A25O0203
A25O0200
A25P0195
A26F0005
A26W0003
A26W0001
A25Q0203
A26Q0002
A26O0002
A25F0449
A26Q0001
A26F0002
A26F0001
A25O0197
A25F0448
A25F0447
A25W0174
A25W0173
A25C0144
A25C0143
A25P0194
A25P0194
A25P0193
A25O0194
A25O0193
A25O0192
A25O0191
A25A0078
A25C0142
A25F0444
A25F0444
A25F0443
A25C0141
A25Q0202
A25C0140
A25W0171
A25P0189
A25Q0201
A25Q0200
A25C0139
A25C0139
A25Q0199
A25Q0198
A25Q0197
A25Q0196
A25Q0196
A25F0442
A25W0170
A25W0169
A25C0138
A25C0137
A25C0136
A25C0135
A25O0190
A25O0189
A25P0188
A25P0187
A25P0185
A25Q0195
A25O0188
A25Q0194
A25Q0193
A25P0184
A25Q0192
A25Q0191
A25C0134
A25F0435
A25F0434
A25Q0190
A25C0133
A25Q0189
A25W0164
A25A0076
A25O0186
A25O0185
A25O0184
A25F0431
A25O0183
A25F0430
A25F0430
A25Q0187
A25Q0187
A25Q0186
A25O0181
A25F0429
A25F0427
A25W0161
A25P0182
A25O0179
A25W0160
A25O0178
A25Q0183
A25O0177
A25O0177
A25W0159
A25W0158
A25P0180
A25P0180
A25F0421
A25F0420
A25F0418
A25Q0181
A25Q0180
A25F0414
A25F0413
A25P0179
A25O0176
A25F0412
A25F0411
A25O0174
A25F0410
A25O0173
A25F0409
A25C0129
A25C0128
A25W0157
A25F0407
A25C0127
A25C0126
A25O0171
A25A0074
A25P0176
A25O0168
A25W0153
A25F0404
A25W0151
A25P0175
A25P0174
A25F0402
A25W0149
A25W0148
A25P0172
A25F0400
A25F0399
A25F0398
A25C0125
A25F0397
A25W0147
A25W0146
A25F0396
A25Q0179
A25Q0178
A25P0171
A25P0171
A25Q0177
A25W0145
A25P0170
A25O0167
A25F0394
A25O0166
A25O0165
A25C0122
A25O0164
A25P0169
A25W0144
A25A0072
A25A0071
A25W0143
A25F0393
A25Q0174
A25P0167
A25F0392
A25C0120
A25C0119
A25W0141
A25F0388
A25F0387
A25A0070
A25W0140
A25W0140
A25C0118
A25W0139
A25A0069
A25W0136
A25Q0172
A25W0135
A25W0134
A25F0385
A25Q0171
A25O0161
A25P0165
A25P0164
A25F0383
A25W0132
A25F0382
A25A0068
A25O0159
A25O0158
A25O0158
A25O0157
A25P0162
A25P0161
A25Q0169
A25F0378
A25Q0168
A25F0377
A25Q0167
A25F0375
A25C0114
A25A0066
A25F0370
A25C0113
A25W0130
A25O0156
A25F0369
A25O0155
A25O0154
A25C0112
A25F0367
A25C0111
A25C0109
A25Q0164
A25C0108
A25F0364
A25F0364
A25F0363
A25W0127
A25P0156
A25W0125
A25W0124
A25O0149
A25P0153
A25P0153
A25P0152
A25P0151
A25P0151
A25P0150
A25O0148
A25Q0161
A25F0359
A25F0358
A25F0357
A25O0147
A25Q0160
A25O0146
A25Q0159
A25P0148
A25P0147
A25A0064
A25F0352
A25A0062
A25A0061
A25P0144
A25P0143
A25Q0152
A25Q0150
A25F0348
A25Q0149
A25A0060
A25P0141
A25P0140
A25O0143
A25O0141
A25O0140
A25P0139
A25P0138
A25F0344
A25Q0148
A25F0343
A25Q0147
A25Q0146
A25C0103
A25C0103
A25Q0144
A25W0119
A25W0119
A25W0118
A25F0342
A25W0117
A25W0110
A25O0138
A25F0339
A25C0102
A25C0101
A25F0338
A25F0337
A25F0337
A25Q0143
A25Q0142
A25W0107
A25C0099
A25O0135
A25P0134
A25O0134
A25F0334
A25P0133
A25P0131
A25P0131
A25A0059
A25O0133
A25O0132
A25O0131
A25Q0139
A25O0130
A25O0130
A25O0129
A25A0058
A25C0097
A25F0330
A25F0329
A25P0129
A25Q0135
A25P0127
A25A0057
A25A0056
A25W0106
A25C0096
A25C0096
A25P0125
A25F0328
A25Q0133
A25A0055
A25W0105
A25Q0129
A25P0124
A25O0126
A25P0122
A25P0120
A25O0125
A25O0124
A25O0123
A25W0103
A25C0092
A25O0120
A25O0118
A25F0322
A25P0117
A25F0319
A25C0091
A25F0317
A25Q0124
A25F0315
A25F0315
A25W0100
A25A0050
A25F0313
A25Q0122
A25W0099
A25F0312
A25F0311
A25W0098
A25C0089
A25A0048
A25F0307
A25P0114
A25P0113
A25P0112
A25F0306
A25F0306
A25F0306
A25F0304
A25Q0120
A25Q0119
A25Q0119
A25P0111
A25W0096
A25P0110
A25P0109
A25W0094
A25W0093
A25C0086
A25A0044
A25A0044
A25F0302
A25W0092
A25W0092
A25F0301
A25C0084
A25Q0117
A25C0083
A25P0107
A25Q0116
A25W0089
A25C0082
A25F0298
A25F0297
A25O0111
A25O0110
A25O0109
A25F0295
A25C0081
A25O0108
A25O0107
A25O0105
A25Q0115
A25P0103
A25P0102
A25Q0114
A25Q0114
A25C0079
A25Q0113
A25Q0111
A25C0078
A25O0104
A25F0291
A25O0103
A25C0077
A25A0041
A25F0289
A25C0076
A25F0288
A25Q0110
A25P0097
A25Q0109
A25Q0108
A25Q0107
A25Q0106
A25Q0106
A25Q0105
A25Q0105
A25Q0104
A25F0285
A25F0284
A25P0096
A25P0095
A25P0094
A25O0097
A25Q0101
A25Q0100
A25Q0099
A25O0095
A25C0074
A25O0091
A25O0091
A25C0073
A25C0072
A25O0089
A25F0282
A25O0088
A25C0071
A25C0070
A25W0083
A25W0082
A25C0069
A25F0279
A25F0278
A25P0090
A25P0090
A25W0081
A25A0039
A25C0067
A25F0275
A25Q0096
A25W0079
A25O0086
A25W0078
A25A0036
A25O0085
A25F0272
A25F0271
A25F0270
A25F0269
A25F0268
A25O0084
A25O0082
A25F0262
A25F0261
A25F0260
A25F0258
A25C0064
A25F0256
A25C0063
A25W0076
A25P0084
A25Q0093
A25F0248
A25F0247
A25F0246
A25F0245
A25C0061
A25F0241
A25O0079
A25F0240
A25C0060
A25O0077
A25O0076
A25F0237
A25F0236
A25P0081
A25P0081
A25F0235
A25P0079
A25F0231
A25C0058
A25Q0089
A25Q0085
A25Q0083
A25F0230
A25A0032
A25A0032
A25F0227
A25F0226
A25O0074
A25P0078
A25Q0081
A25O0073
A25O0072
A25F0225
A25C0056
A25C0055
A25F0221
A25P0075
A25Q0076
A25Q0075
A25Q0074
A25F0217
A25Q0073
A25F0216
A25Q0069
A25O0071
A25F0212
A25P0072
A25W0069
A25C0052
A25Q0067
A25O0070
A25C0050
A25F0211
A25P0071
A25P0070
A25F0210
A25F0209
A25F0208
A25Q0064
A25F0206
A25P0067
A25P0067
A25W0068
A25W0068
A25F0205
A25F0204
A25A0026
A25Q0063
A25A0025
A25F0202
A25F0202
A25P0064
A25A0024
A25F0201
A25A0023
A25F0199
A25Q0061
A25Q0061
A25P0063
A25F0198
A25F0197
A25F0196
A25F0195
A25Q0058
A25Q0057
A25F0193
A25F0192
A25W0061
A25W0060
A25O0065
A25W0059
A25C0045
A25P0059
A25P0059
A25P0059
A25W0057
A25C0044
A25W0056
A25Q0056
A25P0058
A25W0054
A25F0187
A25C0042
A25F0186
A25F0185
A25F0185
A25W0051
A25C0040
A25C0040
A25Q0054
A25C0039
A25C0039
A25F0183
A25W0049
A25P0057
A25Q0053
A25Q0052
A25P0056
A25W0047
A25P0055
A25P0055
A25P0054
A25F0179
A25F0179
A25F0178
A25F0177
A25O0063
A25W0046
A25O0062
A25O0061
A25O0060
A25F0175
A25F0174
A25C0037
A25W0044
A25P0052
A25P0052
A25F0169
A25F0168
A25F0168
A25C0036
A25O0057
A25O0056
A25Q0050
A25A0021
A25F0165
A25P0049
A25Q0047
A25F0161
A25F0160
A25F0159
A25F0159
A25W0043
A25W0042
A25W0041
A25Q0046
A25F0158
A25Q0045
A25O0054
A25Q0044
A25O0053
A25O0052
A25W0039
A25F0154
A25Q0043
A25O0049
A25O0048
A25P0043
A25O0047
A25O0046
A25Q0042
A25O0045
A25P0042
A25F0146
A25W0037
A25C0033
A25W0036
A25W0035
A25W0034
A25W0033
A25O0044
A25O0042
A25Q0041
A25W0032
A25F0142
A25Q0040
A25O0040
A25W0031
A25F0141
A25W0030
A25F0140
A25F0139
A25F0138
A25F0137
A25P0040
A25P0039
A25P0038
A25O0039
A25C0031
A25F0136
A25P0037
A25Q0037
A25Q0036
A25W0029
A25F0134
A25C0030
A25F0132
A25A0018
A25A0016
A25P0036
A25P0035
A25O0038
A25F0128
A25W0028
A25F0125
A25O0037
A25F0124
A25F0123
A25Q0033
A25F0122
A25F0121
A25F0119
A25O0036
A25W0027
A25C0028
A25Q0032
A25Q0031
A25Q0031
A25Q0031
A25C0026
A25F0115
A25F0114
A25F0113
A25C0024
A25F0111
A25W0025
A25F0110
A25P0034
A25F0108
A25Q0029
A25Q0028
A25Q0027
A25Q0027
A25F0107
A25F0106
A25O0034
A25Q0026
A25F0105
A25F0103
A25W0022
A25W0021
A25A0014
A25Q0025
A25F0101
A25F0100
A25F0099
A25P0032
A25P0032
A25C0023
A25P0029
A25P0028
A25O0033
A25O0033
A25F0097
A25O0032
A25F0095
A25F0094
A25W0020
A25Q0023
A25F0093
A25Q0022
A25F0092
A25Q0021
A25F0090
A25F0089
A25F0087
A25F0086
A25O0028
A25O0027
A25O0027
A25O0026
A25O0025
A25W0018
A25F0082
A25F0081
A25W0017
A25F0080
A25O0024
A25P0027
A25P0027
A25P0027
A25P0027
A25P0026
A25P0025
A25O0023
A25Q0020
A25C0020
A25P0024
A25P0023
A25P0023
A25P0022
A25C0019
A25C0018
A25C0017
A25F0073
A25F0072
A25O0022
A25F0070
A25F0069
A25F0066
A25F0065
A25P0021
A22O0022
A25O0021
A25F0063
A25F0062
A25F0061
A25P0020
A25O0019
A25O0018
A25Q0016
A25F0055
A25F0053
A25F0052
A25P0019
A25A0011
A25W0014
A25A0010
A25O0017
A25O0016
A25O0015
A25C0012
A25W0013
A25W0012
A25W0011
A25P0017
A25P0016
A25P0015
A25P0015
A25F0041
A25F0040
A25O0012
A25F0039
A25A0009
A25P0014
A25F0037
A25C0010
A25O0011
A25P0012
A25C0009
A25F0033
A25F0032
A25O0010
A25O0009
A25Q0015
A25F0029
A25C0007
A25A0007
A25C0006
A25C0005
A25F0025
A25O0008
A25Q0014
A25F0024
A25P0009
A25F0022
A25P0007
A25P0006
A25Q0013
A24P0162
A24P0162
A24Q0176
A25O0006
A25O0005
A25W0008
A24P0161
A25A0004
A25F0017
A25P0005
A25F0014
A25F0013
A24W0165
A25A0003
A25W0007
A25W0006
A25F0010
A24F0394
A25Q0010
A25Q0009
A25C0004
A25F0008
A25O0004
A25Q0008
A24O0188
A24O0187
A25Q0007
A25Q0007
A25Q0006
A24C0137
A25F0006
A24F0391
A24F0390
A24F0389
A24O0186
A25O0003
A24F0388
A24F0387
A24F0386
A25P0003
A24P0160
A25Q0004
A25O0001
A25W0002
A25F0002
A25Q0003
A25A0002
A25P0001
A25C0002
A25Q0002
A24O0183
A24O0182
A25F0001
A25C0001
A25A0001
A25W0001
A24F0383
A24Q0175
A24F0382
A24F0381
A24F0381
A24C0136
A24F0380
A24P0159
A24P0158
A24P0158
A24Q0174
A24A0087
A24P0157
A24P0156
A24P0156
A24F0376
A24C0135
A24O0181
A24A0086
A24P0155
A24Q0173
A24A0085
A24A0084
A24F0375
A24P0154
A24P0152
A24C0134
A24C0133
A24W0161
A24W0160
A24P0150
A24Q0172
A24Q0171
A24W0159
A24W0158
A24W0157
A24W0156
A24Q0169
A24C0132
A24F0372
A24O0180
A24F0371
A24P0148
A24W0155
A24P0147
A24Q0168
A24O0179
A24O0178
A24A0083
A24P0146
A24P0145
A24F0368
A24F0367
A24F0366
A24Q0166
A24Q0165
A24O0177
A24A0081
A24W0151
A24O0176
A24F0364
A24F0363
A24P0141
A24W0150
A24P0140
A24Q0163
A24O0174
A24P0139
A24W0149
A24W0149
A24C0130
A24A0078
A24P0137
A24Q0162
A24C0128
A24C0128
A24C0127
A24O0173
A24O0172
A24O0171
A24F0361
A24P0135
A24Q0161
A24P0134
A24Q0160
A24Q0160
A24P0133
A24P0132
A24C0126
A24C0125
A24F0359
A24F0359
A24O0169
A24O0168
A24P0131
A24Q0159
A24Q0158
A24F0357
A24Q0157
A24F0355
A24Q0156
A24Q0155
A24O0166
A24F0354
A24F0354
A24O0165
A24O0164
A24Q0154
A24Q0153
A24F0350
A24P0130
A24F0347
A24F0346
A24F0345
A24F0344
A24F0344
A24Q0152
A24Q0151
A24Q0151
A24F0342
A24W0148
A24A0076
A24A0075
A24P0128
A24P0128
A24P0126
A24W0147
A24O0163
A24C0122
A24P0124
A24O0162
A24O0162
A24A0074
A24Q0150
A24Q0149
A24Q0147
A24C0121
A24C0121
A24C0120
A24W0146
A24P0123
A24F0336
A24F0335
A24O0160
A24O0159
A24O0158
A24O0155
A24C0119
A24O0154
A24P0122
A24C0118
A24W0144
A24A0073
A24F0332
A24P0121
A24P0120
A24W0143
A24Q0145
A24C0117
A24A0072
A24Q0144
A24W0142
A24F0328
A24W0141
A24F0324
A24P0118
A24P0118
A24P0118
A24P0118
A24Q0143
A24F0321
A24F0320
A24F0319
A24O0151
A24F0318
A24F0317
A24C0114
A24F0316
A24C0113
A24Q0140
A24O0149
A24Q0139
A24O0148
A24W0137
A24A0068
A24F0313
A24C0112
A24W0136
A24C0111
A24C0110
A24C0109
A24Q0138
A24Q0136
A24O0146
A24O0146
A24O0145
A24C0107
A24W0135
A24C0105
A24C0105
A24Q0135
A24W0133
A24Q0134
A24Q0133
A24Q0131
A24W0131
A24W0130
A24Q0129
A24P0113
A24P0110
A24P0109
A24P0109
A24C0102
A24F0300
A24F0299
A24P0107
A24P0107
A24O0143
A24W0127
A24W0126
A24P0106
A24W0124
A24W0123
A24F0297
A24F0295
A24C0101
A24O0142
A24O0141
A24O0141
A24O0140
A24O0139
A24O0138
A24F0294
A24W0122
A24O0137
A24Q0127
A24A0066
A24A0065
A24O0135
A24O0133
A24O0132
A24C0099
A24Q0126
A24W0121
A24Q0125
A24O0131
A24O0130
A24F0289
A24A0064
A24F0287
A24Q0124
A24Q0123
A24O0129
A24Q0122
A24O0128
A24C0097
A24O0127
A24F0284
A24A0062
A24P0102
A24Q0120
A24C0096
A24P0100
A24F0279
A24O0124
A24O0122
A24Q0117
A24F0276
A24F0275
A24F0274
A24F0273
A24C0094
A24Q0115
A24P0099
A24Q0114
A24Q0113
A24Q0110
A24Q0109
A24P0098
A24P0095
A24W0116
A24A0058
A24A0057
A24C0093
A24C0091
A24O0121
A24A0056
A24O0120
A24F0265
A24P0093
A24Q0108
A24Q0107
A24O0119
A24F0262
A24O0117
A24Q0106
A24O0115
A24O0114
A24Q0105
A24O0113
A24F0260
A24C0087
A24F0259
A24F0258
A24A0055
A24F0257
A24O0112
A24F0254
A24P0092
A24P0091
A24C0084
A24F0250
A24F0249
A24C0082
A24O0111
A24O0111
A24P0089
A24W0111
A24O0110
A24F0244
A24F0243
A24C0081
A24A0054
A24P0088
A24P0087
A24A0053
A24Q0101
A24Q0099
A24Q0098
A24W0108
A24Q0097
A24W0105
A24W0104
A24O0108
A24F0239
A24F0238
A24F0236
A24F0235
A24Q0093
A24F0233
A24O0107
A24O0105
A24O0104
A24Q0092
A24O0103
A24P0083
A24Q0089
A24O0101
A24A0052
A24F0226
A24A0051
A24W0099
A24W0099
A24F0220
A24O0097
A24O0095
A24A0049
A24O0094
A24A0048
A24A0047
A24P0076
A24P0076
A24P0075
A24F0213
A24O0093
A24O0091
A24O0091
A24O0090
A24W0097
A24O0089
A24O0089
A24W0096
A24Q0087
A24F0211
A24F0208
A24C0072
A24W0092
A24Q0085
A24W0091
A24C0071
A24Q0084
A24O0086
A24O0084
A24O0083
A24A0045
A24C0070
A24O0082
A24C0069
A24P0073
A24P0073
A24F0205
A24Q0083
A24F0202
A24W0090
A24W0089
A24F0199
A24Q0079
A24P0070
A24A0044
A24W0087
A24Q0078
A24Q0077
A24W0084
A24O0081
A24C0066
A24O0077
A24Q0076
A24A0043
A24W0083
A24F0194
A24A0042
A24A0041
A24A0040
A24O0076
A24F0192
A24C0065
A24A0039
A24F0191
A24C0064
A24A0038
A24O0075
A24O0074
A24O0073
A24A0036
A24W0078
A24O0072
A24O0071
A24F0182
A24W0077
A24C0061
A24C0060
A24P0067
A24F0179
A24W0076
A24W0075
A24W0074
A24F0175
A24P0066
A24P0065
A24Q0070
A24F0172
A24P0064
A24W0073
A24O0069
A24P0063
A24F0170
A24Q0068
A24F0167
A24C0057
A24O0067
A24W0071
A24W0070
A24W0069
A24W0069
A24F0162
A24C0056
A24F0161
A24A0032
A24C0055
A24F0156
A24P0060
A24P0060
A24Q0066
A24C0053
A24Q0064
A24Q0063
A24O0066
A24Q0062
A24F0155
A24P0057
A24P0057
A24O0065
A24Q0060
A24F0153
A24O0064
A24O0063
A24A0031
A24W0061
A24O0060
A24C0050
A24C0050
A24W0060
A24W0058
A24W0058
A24C0049
A24W0056
A24P0056
A24F0145
A24F0144
A24W0055
A24A0029
A24F0142
A24F0141
A24F0141
A24F0140
A24F0138
A24C0047
A24F0137
A24W0050
A24F0135
A24F0134
A24F0132
A24A0028
A24A0026
A24A0024
A24Q0057
A24A0022
A24A0022
A24F0127
A24F0126
A24C0045
A24O0056
A24Q0055
A24Q0054
A24W0048
A24W0047
A24W0046
A24W0046
A24W0046
A24Q0052
A24Q0051
A24O0055
A24C0044
A24A0021
A24F0122
A24C0042
A24F0120
A24C0041
A24W0045
A24Q0049
A24Q0048
A24A0019
A24O0053
A24F0116
A24A0018
A24F0113
A24Q0046
A24P0044
A24O0052
A24Q0045
A24Q0044
A24F0110
A24A0016
A24F0108
A24O0049
A24Q0043
A24Q0042
A24C0039
A24W0042
A24Q0041
A24Q0040
A24O0047
A24F0104
A24F0103
A24F0102
A24C0037
A24O0046
A24A0015
A24O0045
A24W0040
A24W0040
A24C0036
A24Q0039
A24W0039
A24F0098
A24Q0037
A24F0096
A24Q0036
A24Q0035
A24P0040
A24W0035
A24F0095
A24O0043
A24A0012
A24C0035
A24C0034
A24O0041
A24W0034
A24F0093
A24C0033
A24F0092
A24Q0033
A24W0032
A24O0038
A24O0037
A24Q0031
A24W0031
A24Q0030
A24O0036
A24F0090
A24Q0027
A24Q0027
A24O0035
A24O0035
A24O0034
A24O0033
A24O0032
A24F0087
A24A0011
A24Q0025
A24P0036
A24P0035
A24P0034
A24F0086
A24Q0023
A24Q0023
A24A0010
A24A0010
A24P0033
A24A0009
A24W0027
A24Q0022
A24Q0021
A24C0029
A24Q0020
A24W0026
A24O0031
A24F0082
A24P0030
A24A0008
A24F0081
A24C0027
A24F0078
A24F0077
A24F0076
A24O0030
A24O0029
A24C0025
A24F0074
A24F0073
A24W0025
A24F0068
A24W0022
A24C0024
A24A0007
A24O0027
A24F0067
A24F0066
A24O0025
A24O0024
A24F0064
A24P0028
A24W0020
A24C0023
A24A0006
A24C0022
A24O0021
A24P0026
A24A0005
A24O0020
A24Q0018
A23A0081
A24W0019
A24Q0017
A24Q0016
A24Q0015
A24P0025
A24F0054
A24W0018
A24F0053
A24W0017
A24W0017
A24Q0014
A24P0023
A24O0018
A24O0017
A24O0014
A24P0022
A24F0047
A24Q0012
A24Q0011
A24Q0010
A24Q0009
A24A0003
A24C0019
A24P0019
A24Q0008
A24F0041
A24F0040
A24F0039
A24O0013
A24F0036
A24F0036
A24F0035
A24P0018
A24P0016
A24Q0007
A24C0017
A24P0015
A24W0014
A24W0013
A24O0011
A24P0013
A24O0010
A24O0009
A24W0012
A24W0011
A24P0012
A24P0012
A24P0012
A24P0012
A24F0029
A24C0013
A24W0010
A24W0010
A24O0008
A24O0007
A24F0027
A24W0009
A24F0025
A24C0012
A24F0024
A24C0009
A24C0008
A24C0007
A24Q0004
A23Q0170
A24W0008
A24W0008
A24W0007
A24P0010
A24P0009
A24W0006
A24O0006
A24Q0003
A24C0005
A24W0005
A24F0016
A24P0008
A23F0402
A24F0015
A24P0007
A24O0005
A24O0004
A24O0002
A24P0003
A24W0004
A24F0012
A24F0011
A24W0003
A24A0001
A24W0002
A24W0002
A24C0004
A24C0003
A24C0002
A24C0002
A24Q0002
A24C0001
A23F0400
A24O0001
A24P0001
A24F0005
A24F0004
A23P0162
A24Q0001
A24F0002
A23A0080
A23A0079
A23Q0169
A23C0125
A23P0161
A23P0161
A23P0160
A23P0158
A23C0124
A23A0078
A23A0078
A23W0158
A23W0158
A23P0157
A23F0396
A23Q0166
A23F0395
A23C0123
A23F0393
A23C0122
A23C0120
A23F0392
A23Q0164
A23C0119
A23Q0163
A23Q0163
A23P0155
A23P0154
A23W0154
A23F0389
A23P0153
A23P0153
A23W0153
A23C0117
A23C0116
A23O0162
A23O0162
A23C0115
A23F0387
A23F0387
A23F0385
A23F0384
A23F0382
A23W0152
A23W0150
A23W0149
A23P0151
A23W0148
A23A0077
A23A0076
A23Q0161
A23F0380
A23W0146
A23Q0160
A23F0379
A23P0149
A23P0148
A23O0161
A23O0160
A23Q0158
A23F0378
A23O0159
A23Q0157
A23Q0156
A23A0075
A23F0377
A23A0074
A23P0147
A23P0146
A23F0375
A23P0145
A23O0158
A23W0144
A23Q0155
A23O0157
A23C0113
A23C0112
A23C0111
A23Q0154
A23A0073
A23P0144
A23A0072
A23F0371
A23A0071
A23F0370
A23C0108
A23A0070
A23C0107
A23W0142
A23W0142
A23A0068
A23O0156
A23O0155
A23P0142
A23A0066
A23F0362
A23F0360
A23F0359
A23F0358
A23C0106
A23C0105
A23P0141
A23W0139
A23F0357
A23O0154
A23F0355
A23W0138
A23W0137
A23W0136
A23A0064
A23W0135
A23W0134
A23A0063
A23F0354
A23F0353
A23F0352
A23O0153
A23Q0152
A23F0351
A23F0350
A23W0133
A23W0133
A23O0152
A23O0151
A23O0150
A23Q0150
A23Q0149
A23A0062
A23F0344
A23Q0148
A23Q0147
A23F0343
A23O0149
A23Q0146
A23A0061
A23C0104
A23C0104
A23O0148
A23O0147
A23F0340
A23O0146
A23F0339
A23W0132
A23O0144
A23Q0143
A23F0337
A23F0336
A23P0137
A23O0143
A23F0333
A23C0101
A23O0142
A23Q0141
A23Q0140
A23C0100
A23W0130
A23W0128
A23C0099
A23C0099
A23C0099
A23F0331
A23P0136
A23P0136
A23P0135
A23O0141
A23O0141
A23O0140
A23F0327
A23C0098
A23W0127
A23F0326
A23F0324
A23F0323
A23Q0139
A23F0322
A23Q0138
A23C0097
A23O0139
A23P0132
A23O0138
A23Q0137
A23C0096
A23W0124
A23C0094
A23Q0135
A23Q0134
A23W0123
A23F0315
A23F0314
A23A0057
A23Q0132
A23F0310
A23Q0131
A23A0056
A23F0309
A23W0122
A23Q0130
A23Q0129
A23Q0128
A23Q0128
A23Q0126
A23Q0126
A23W0121
A23F0308
A23A0055
A23A0054
A23Q0125
A23Q0124
A23P0129
A23O0136
A23W0120
A23O0135
A23F0306
A23F0305
A23C0092
A23O0134
A23A0053
A23P0128
A23P0127
A23P0126
A23P0124
A23C0089
A23C0088
A23C0087
A23C0086
A23C0086
A23Q0120
A23Q0119
A23Q0118
A23O0130
A23A0050
A23Q0117
A23F0294
A23F0293
A23W0117
A23F0292
A23F0291
A23F0290
A23Q0116
A23F0289
A23F0288
A23W0114
A23C0081
A23P0119
A23W0113
A23C0080
A23Q0115
A23Q0114
A23C0078
A23W0111
A23W0110
A23O0123
A23O0122
A23Q0112
A23W0109
A23Q0111
A23F0283
A23F0283
A23W0107
A23Q0110
A23F0282
A23P0118
A23O0121
A23O0120
A23P0117
A23F0281
A23F0280
A23A0049
A23C0076
A23C0075
A23Q0107
A23Q0106
A23A0048
A23A0048
A23P0115
A23P0115
A23P0114
A23C0073
A23P0111
A23C0071
A23W0102
A23Q0105
A23F0274
A23C0069
A23F0270
A23O0113
A23O0112
A23O0111
A23F0269
A23Q0103
A23O0110
A23Q0102
A23P0108
A23C0067
A23A0046
A23O0107
A23O0106
A23P0107
A23Q0100
A23Q0099
A23F0264
A23W0099
A23W0098
A23W0097
A23O0104
A23Q0096
A23Q0095
A23Q0094
A23O0103
A23F0262
A23A0045
A23P0102
A23P0101
A23A0044
A23O0101
A23O0101
A23O0100
A23P0099
A23F0259
A23P0098
A23W0094
A23F0256
A23F0255
A23F0255
A23F0254
A23O0097
A23O0096
A23O0095
A23Q0091
A23F0249
A23F0248
A23Q0090
A23Q0090
A23W0093
A23O0094
A23Q0087
A23F0245
A23F0244
A23P0093
A23O0093
A23F0240
A23P0091
A23P0090
A23W0089
A23C0056
A23A0043
A23F0239
A23F0238
A23W0086
A23A0042
A23F0235
A23P0086
A23P0085
A23P0085
A23P0084
A23O0089
A23O0088
A23O0086
A23F0232
A23F0231
A23W0083
A23W0082
A23W0082
A23W0082
A23W0082
A23P0082
A23P0082
A23F0230
A23F0229
A23F0228
A23P0081
A23O0085
A23O0083
A23O0082
A23Q0085
A23Q0084
A23F0226
A23F0225
A23F0223
A23W0080
A23W0079
A23A0040
A23P0080
A23P0079
A23W0078
A23Q0083
A23F0221
A23W0077
A23P0077
A23P0076
A23P0076
A23P0075
A23Q0080
A23Q0079
A23F0220
A23F0219
A23C0052
A23W0075
A23C0051
A23W0074
A23Q0077
A23F0217
A23Q0076
A23W0073
A23Q0072
A23O0080
A23O0079
A23F0212
A23C0049
A23F0208
A23F0207
A23A0039
A23F0206
A23C0048
A23O0078
A23P0068
A23F0202
A23F0201
A23P0067
A23P0066
A23P0065
A23C0046
A23O0077
A23F0200
A23C0045
A23F0199
A23C0043
A23O0075
A23O0074
A23F0193
A23F0192
A23O0073
A23C0039
A23F0191
A23O0072
A23C0038
A23O0071
A23O0070
A23F0190
A23A0035
A23F0185
A23W0069
A23F0184
A23Q0061
A23A0034
A23F0182
A23W0068
A23F0181
A23F0180
A23P0054
A23F0177
A23W0067
A23F0176
A23F0175
A23F0174
A23A0030
A23A0029
A23C0036
A23C0035
A23P0053
A23P0053
A23F0171
A23W0066
A23F0169
A23Q0060
A23F0166
A23W0065
A23W0065
A23Q0059
A23Q0058
A23A0028
A23W0064
A23W0062
A23A0026
A23F0160
A23O0064
A23W0058
A23F0157
A23C0034
A23O0062
A23O0062
A23P0046
A23A0025
A23Q0053
A23W0055
A23W0054
A23F0152
A23W0053
A23P0045
A23Q0051
A23O0059
A23F0145
A23F0144
A23P0043
A23P0042
A23C0030
A23C0028
A23A0024
A23O0057
A23C0027
A23W0050
A23Q0049
A23Q0048
A23Q0047
A23W0049
A23F0141
A23F0140
A23C0024
A23F0139
A23C0023
A23W0047
A23Q0045
A23P0038
A23F0136
A23F0135
A22O0174
A23Q0044
A23W0044
A23C0022
A23O0054
A23O0054
A23O0053
A23F0134
A23F0133
A23O0052
A23F0131
A23O0050
A23F0129
A23F0128
A23W0043
A23F0127
A23P0035
A23W0042
A23P0034
A23P0033
A23P0032
A23P0031
A23A0022
A23P0030
A23W0041
A23F0121
A23F0120
A23C0020
A23F0119
A23F0118
A23F0117
A23C0019
A23P0029
A23W0040
A23Q0040
A23O0048
A23O0046
A23W0039
A23W0039
A23W0038
A23F0115
A23C0018
A23W0037
A23F0114
A23O0044
A23C0017
A23W0034
A23W0033
A23W0032
A23O0043
A23A0021
A23Q0038
A23Q0038
A23A0020
A23O0042
A23W0030
A23C0016
A23O0041
A23F0106
A23F0105
A23F0104
A23O0039
A23O0038
A23F0103
A23F0100
A23F0099
A23A0019
A23F0098
A23P0028
A23F0096
A23F0095
A23Q0036
A23O0036
A23F0094
A23F0093
A23Q0035
A23O0035
A23O0034
A22A0070
A22A0069
A23Q0034
A23W0028
A23F0091
A23W0027
A23A0017
A23F0087
A23O0032
A23O0031
A23Q0033
A23W0026
A23P0027
A23W0025
A23Q0032
A23F0085
A23Q0031
A23A0016
A23F0083
A23C0011
A23P0026
A23A0015
A23P0025
A23W0023
A23F0077
A23W0022
A23P0022
A23O0030
A23Q0030
A23Q0029
A23F0075
A23P0021
A23Q0028
A23F0072
A23P0020
A23P0020
A23F0069
A23F0067
A23P0019
A23Q0027
A23W0019
A23O0028
A23F0064
A23F0063
A23W0018
A23O0027
A23W0017
A23F0062
A23P0018
A23P0018
A23F0060
A23Q0026
A23F0058
A23C0010
A23Q0024
A23Q0023
A23O0026
A23O0026
A23W0015
A23O0025
A23O0024
A23F0055
A23F0054
A23O0023
A23F0053
A23Q0022
A23F0052
A22F0426
A23C0006
A23Q0021
A23O0022
A23W0014
A23F0050
A23Q0020
A23W0013
A23F0046
A23F0045
A23A0013
A23Q0019
A23P0017
A23F0043
A23P0015
A23C0005
A23O0018
A23O0017
A23P0014
A23P0013
A23P0013
A23Q0018
A23Q0017
A23P0012
A23P0011
A23F0040
A23O0016
A23F0039
A23A0012
A23A0011
A23A0010
A23F0038
A23F0037
A23F0036
A23F0035
A23F0034
A23F0033
A23Q0015
A23F0032
A23O0014
A23A0009
A23A0008
A23W0012
A23F0031
A23A0007
A23A0007
A23O0013
A23P0010
A23O0012
A23O0011
A23A0006
A23W0011
A23W0011
A23Q0014
A23Q0013
A23Q0012
A23F0027
A23A0005
A23W0010
A23W0009
A23O0010
A23F0026
A23W0008
A23W0007
A23F0024
A23O0009
A23W0006
A23O0008
A23O0008
A23F0022
A23F0021
A23F0020
A23C0003
A23W0005
A23W0004
A23F0018
A23F0017
A23Q0011
A23Q0010
A23Q0010
A23P0007
A23F0016
A23O0007
A23F0014
A23Q0008
A23Q0007
A23Q0006
A23F0013
A23W0002
A23F0012
A23W0001
A23F0010
A23Q0005
A23O0005
A23Q0004
A23O0004
A23F0008
A22F0420
A23P0006
A23A0003
A23F0006
A23F0006
A23O0003
A23O0002
A23P0005
A23F0005
A23F0004
A23A0002
A23O0001
A22O0173
A23P0004
A23P0003
A23P0002
A23F0003
A22F0419
A23A0001
A23P0001
A22F0417
A22F0415
A22F0414
A22F0412
A23Q0001
A22F0411
A22Q0166
A22Q0165
A22P0129
A22F0409
A22P0128
A22W0117
A22F0408
A22F0407
A22O0172
A22F0406
A22O0171
A22C0121
A22P0126
A22W0115
A22F0400
A22O0170
A22W0114
A22F0399
A22P0125
A22P0125
A22C0119
A22Q0164
A22W0113
A22C0118
A22F0398
A22O0168
A22Q0163
A22Q0162
A22A0068
A22P0122
A22Q0159
A22Q0158
A22C0115
A22C0115
A22O0167
A22Q0157
A22F0395
A22Q0156
A22Q0155
A22F0393
A22C0114
A22W0112
A22F0391
A22Q0153
A22Q0152
A22F0390
A22C0113
A22C0113
A22F0389
A22F0388
A22W0111
A22F0387
A22Q0151
A22Q0150
A22W0110
A22O0166
A22Q0147
A22Q0145
A22C0112
A22C0111
A22F0384
A22F0383
A22O0163
A22O0163
A22C0108
A22W0109
A22Q0137
A22O0161
A22P0115
A22P0115
A22P0115
A22P0115
A22C0106
A22O0160
A22F0379
A22P0114
A22F0377
A22O0159
A22O0158
A22O0157
A22Q0134
A22Q0133
A22C0104
A22C0103
A22W0106
A22F0373
A22F0372
A22F0370
A22F0369
A22A0064
A22P0113
A22P0113
A22Q0132
A22Q0132
A22A0063
A22O0156
A22O0155
A22F0365
A22P0112
A22P0112
A22F0364
A22C0102
A22F0360
A22C0101
A22C0100
A22A0061
A22P0109
A22F0355
A22F0354
A22F0353
A22W0101
A22F0352
A22C0098
A22C0098
A22P0108
A22O0152
A22F0349
A22C0096
A22P0107
A22P0107
A22P0106
A22W0100
A22O0151
A22P0105
A22C0095
A22P0104
A22Q0131
A22F0346
A22C0094
A22P0103
A22W0098
A22P0101
A22A0060
A22F0342
A22Q0128
A22A0058
A22W0096
A22F0340
A22F0337
A22P0097
A22C0093
A22Q0125
A22Q0125
A22W0095
A22O0148
A22O0148
A22W0093
A22W0092
A22F0334
A22Q0124
A22O0146
A22A0056
A22W0088
A22W0087
A22F0328
A22P0096
A22P0095
A22F0326
A22F0325
A22Q0123
A22Q0122
A22Q0122
A22F0322
A22F0321
A22A0055
A22C0092
A22C0091
A22Q0118
A22Q0117
A22F0316
A22F0313
A22F0312
A22F0311
A22F0310
A22P0092
A22O0143
A22A0052
A22F0309
A22W0084
A22C0087
A22F0307
A22F0305
A22W0083
A22W0082
A22F0303
A22O0141
A22F0302
A22C0084
A22P0089
A22W0080
A22F0300
A22F0299
A22F0295
A22O0139
A22A0050
A22F0294
A22P0085
A22A0049
A22W0079
A22C0081
A22Q0114
A22C0080
A22F0292
A22P0084
A22P0084
A22C0079
A22O0138
A22O0137
A22P0083
A22P0082
A22F0288
A22P0081
A22O0135
A22A0047
A22W0076
A22Q0109
A22O0131
A22O0130
A22A0046
A22C0074
A22A0045
A22W0075
A22C0072
A22O0129
A22O0128
A22A0044
A22F0279
A22F0277
A22F0276
A22W0074
A22W0073
A22Q0106
A22Q0106
A22Q0105
A22C0071
A22C0070
A22Q0104
A22Q0103
A22F0273
A22O0127
A22F0271
A22F0270
A22C0066
A22O0126
A22P0076
A22A0042
A22Q0102
A22P0075
A22W0072
A22F0268
A22O0123
A22P0073
A22O0121
A22F0263
A22O0120
A22F0261
A22F0260
A22C0061
A22W0070
A22C0060
A22W0067
A22W0067
A22F0254
A22A0036
A22O0113
A22W0066
A22O0112
A22A0035
A22W0065
A22O0110
A22W0063
A22W0062
A22F0249
A22F0248
A22F0247
A22Q0096
A22F0244
A22F0243
A22Q0095
A22P0066
A22A0034
A22P0064
A22O0105
A22W0061
A22P0062
A22C0057
A22Q0092
A22F0233
A22O0104
A22F0232
A22F0231
A22P0058
A22Q0089
A22F0228
A22O0103
A22Q0088
A22O0101
A22F0226
A22C0054
A22Q0085
A22F0223
A22Q0082
A22F0221
A22P0057
A22O0096
A22F0216
A22F0215
A22F0213
A22Q0080
A22Q0079
A22W0056
A22W0055
A22W0054
A22F0208
A22O0091
A22O0090
A22O0089
A22O0088
A22O0087
A22A0033
A22F0202
A22F0200
A22F0199
A22F0198
A22P0056
A22P0056
A22O0085
A22Q0077
A22F0197
A22W0052
A22P0054
A22W0051
A22W0050
A22C0049
A22C0048
A22F0196
A22C0047
A22W0048
A22F0193
A22F0191
A22F0190
A22F0189
A22C0045
A22O0082
A22O0081
A22A0031
A22W0047
A22O0080
A22Q0072
A22Q0070
A22P0049
A22O0078
A22F0181
A22A0029
A22O0076
A22O0075
A22P0048
A22A0028
A22A0027
A22P0047
A22O0073
A22Q0067
A22Q0066
A22C0041
A22W0044
A22F0176
A22F0175
A22F0173
A22P0044
A22W0042
A22F0172
A22F0170
A22O0071
A22C0038
A22C0038
A22F0166
A22O0067
A22Q0060
A22W0041
A22A0025
A22F0160
A22F0159
A22W0040
A22A0024
A22A0023
A22C0037
A22C0036
A22O0065
A22A0022
A22F0155
A22Q0059
A22W0039
A22F0153
A22A0020
A22O0061
A22W0038
A22Q0058
A22Q0057
A22Q0056
A22P0040
A22F0146
A22F0144
A22C0034
A22Q0054
A22P0039
A22F0141
A22P0038
A22F0139
A22A0017
A22F0138
A22P0036
A22P0035
A22F0136
A22O0058
A22O0057
A22Q0051
A22Q0049
A22F0135
A22F0135
A22O0056
A22F0134
A22F0130
A22C0030
A22P0034
A22P0034
A22O0055
A22O0054
A22O0053
A22C0029
A22Q0047
A22F0127
A22F0126
A22Q0045
A22F0125
A22Q0043
A22O0052
A22O0051
A22F0124
A22P0033
A22F0123
A22F0122
A22W0032
A22A0014
A22F0115
A22C0028
A22W0030
A22W0029
A22P0030
A22Q0041
A22F0109
A22F0109
A22O0050
A22Q0040
A22F0106
A22F0105
A22O0049
A22P0029
A22P0029
A22P0028
A22F0102
A22F0101
A22F0100
A22W0026
A22W0026
A22Q0038
A22O0047
A22W0025
A22F0096
A22O0044
A22O0044
A22P0027
A22A0010
A22Q0035
A22P0026
A22F0090
A22F0089
A22Q0033
A22Q0032
A22C0025
A22O0040
A22W0024
A22O0039
A22F0086
A22P0022
A22C0023
A22F0083
A22W0023
A22C0022
A22O0038
A22C0021
A22C0020
A22O0036
A22O0036
A22F0076
A22A0008
A22F0075
A22P0021
A22O0035
A22C0018
A22O0034
A22F0069
A22A0005
A22F0067
A22O0033
A22A0004
A22C0017
A22F0065
A22O0031
A22W0022
A22O0029
A22F0064
A21P0147
A22P0018
A22W0021
A22W0020
A22P0017
A22F0057
A22F0056
A22P0016
A22Q0027
A22P0015
A22Q0026
A22O0028
A22F0053
A22C0016
A22C0016
A22C0016
A22C0016
A22C0016
A22C0016
A22Q0025
A22W0018
A22Q0024
A22W0017
A22O0027
A22F0048
A22F0046
A22F0045
A22O0026
A22C0014
A22F0042
A22O0025
A22Q0023
A22F0039
A22F0038
A22F0037
A22W0015
A22Q0022
A22O0024
A22Q0021
A22W0014
A22W0014
A22Q0020
A22W0013
A22Q0019
A22Q0018
A22Q0017
A22O0021
A22Q0016
A22F0034
A22A0003
A22O0020
A22W0012
A22W0011
A22P0013
A22P0012
A22W0010
A22O0019
A22O0018
A22C0013
A22Q0014
A22Q0013
A22Q0012
A22P0011
A22Q0011
A22F0030
A22F0029
A22P0010
A22W0009
A22Q0010
A22C0012
A22F0028
A22O0017
A22W0008
A22F0027
A22O0014
A22P0009
A22C0010
A22Q0009
A22W0007
A22C0008
A22F0022
A22F0021
A22O0012
A22O0011
A22O0010
A22O0009
A22O0008
A22Q0008
A22Q0006
A22W0006
A22Q0005
A22O0007
A22O0006
A22A0002
A22F0014
A22A0001
A22F0010
A22P0004
A22Q0004
A22Q0002
A22Q0001
A22W0003
A22C0005
A22W0001
A22C0004
A22C0003
A22P0003
A22F0005
A21F0252
A21F0252
A22C0001
A22P0002
A21O0140
A22P0001
A21C0121
A22O0003
A22O0002
A22O0001
A21F0250
A22F0002
A21W0113
A21W0113
A22F0001
A21P0142
A21C0120
A21F0246
A21W0112
A21O0138
A21Q0138
A21Q0138
A21C0119
A21F0245
A21Q0137
A21Q0136
A21Q0136
A21Q0135
A21Q0134
A21Q0133
A21F0244
A21O0137
A21A0043
A21W0111
A21W0110
A21F0242
A21P0138
A21C0118
A21C0118
A21O0136
A21O0135
A21O0134
A21A0042
A21F0238
A21F0237
A21W0109
A21F0235
A21C0117
A21F0234
A21A0041
A21A0041
A21F0233
A21P0137
A21F0228
A21F0226
A21F0225
A21A0040
A21O0133
A21F0224
A21W0107
A21O0132
A21O0132
A21O0132
A21O0132
A21P0135
A21Q0128
A21A0039
A21O0131
A21F0219
A21W0106
A21O0130
A21A0038
A21F0218
A21Q0127
A21F0217
A21F0216
A21F0215
A21C0114
A21O0129
A21C0113
A21Q0126
A21Q0125
A21P0132
A21P0131
A21Q0124
A21A0036
A21P0130
A21O0127
A21F0211
A21F0211
A21F0210
A21F0210
A21Q0123
A21W0104
A21W0103
A21P0128
A21Q0121
A21O0123
A21O0122
A21P0127
A21C0112
A21P0126
A21Q0120
A21Q0119
A21A0035
A21O0121
A21O0119
A21C0110
A21Q0118
A21Q0118
A21C0109
A21F0200
A21F0199
A21C0108
A21O0118
A21P0125
A21W0101
A21O0117
A21F0197
A21O0116
A21O0115
A21W0100
A21O0114
A21F0195
A21C0107
A21O0113
A21O0112
A21F0194
A21O0111
A21F0193
A21O0110
A21F0192
A21Q0116
A21Q0115
A21Q0114
A21Q0112
A21W0098
A21F0189
A21O0109
A21O0109
A21W0097
A21O0108
A21W0096
A21O0106
A21P0119
A21F0186
A21C0104
A21P0118
A21Q0108
A21P0117
A21O0104
A21F0181
A21O0102
A21O0101
A21F0180
A21P0115
A21P0115
A21P0114
A21P0113
A21Q0107
A21Q0106
A21P0112
A21W0093
A21O0100
A21P0111
A21O0099
A21O0098
A21Q0104
A21Q0103
A21O0097
A21F0176
A21F0175
A21O0096
A21C0101
A21C0100
A21C0099
A21C0098
A21F0172
A21C0097
A21Q0101
A21Q0101
A21Q0100
A21O0095
A21Q0098
A21Q0096
A21O0094
A21Q0095
A21A0033
A21Q0094
A21F0166
A21F0165
A21F0164
A21W0087
A21C0096
A21O0090
A21F0162
A21F0162
A21P0106
A21P0105
A21O0089
A21F0158
A21O0087
A21O0086
A21W0086
A21Q0091
A21F0156
A21Q0089
A21W0084
A21W0083
A21C0091
A21F0155
A21Q0087
A21F0154
A21C0090
A21P0103
A21P0103
A21W0081
A21F0152
A21P0101
A21A0029
A21F0151
A21F0149
A21W0080
A21W0080
A21Q0084
A21C0088
A21W0078
A21C0087
A21P0100
A21P0100
A21F0143
A21F0142
A21W0076
A21C0086
A21F0140
A21Q0082
A21W0073
A21O0083
A21Q0080
A21W0072
A21P0097
A21O0081
A21F0135
A21P0094
A21P0094
A21F0133
A21C0083
A21O0080
A21O0079
A21Q0077
A21A0028
A21C0082
A21W0069
A21F0129
A21W0068
A21W0065
A21Q0076
A21A0027
A21P0090
A21C0081
A21O0075
A21C0080
A21P0089
A21A0025
A21P0087
A21P0087
A21P0086
A21P0086
A21P0085
A21P0085
A21F0124
A21F0123
A21Q0073
A21Q0072
A21O0074
A21A0023
A21A0023
A21Q0064
A21O0067
A21O0067
A21P0078
A21F0112
A21F0110
A21O0066
A21P0075
A21F0108
A21C0076
A21W0059
A21P0070
A21C0074
A21Q0062
A21C0072
A21P0069
A21W0058
A21P0068
A21F0100
A21C0070
A21W0057
A21P0066
A21C0068
A21W0056
A21P0060
A21W0053
A21C0067
A21C0066
A21P0058
A21A0021
A21A0020
A21Q0057
A21O0054
A21Q0056
A21Q0055
A21C0064
A21W0051
A21Q0054
A21W0050
A21P0055
A21C0062
A21C0062
A21C0062
A21O0050
A21F0083
A21O0049
A21Q0050
A21Q0049
A21Q0048
A21P0051
A21F0082
A21P0049
A21O0047
A21Q0047
A21C0057
A21O0045
A21Q0044
A21A0016
A21Q0041
A21P0042
A21F0079
A21W0040
A21W0039
A21C0054
A21Q0034
A21W0035
A21A0015
A21A0015
A21F0071
A21Q0032
A21W0033
A21A0014
A21Q0031
A21P0039
A21W0030
A21O0039
A21O0039
A21C0049
A21C0047
A21W0029
A21O0036
A21P0035
A21F0059
A21Q0028
A21Q0027
A21Q0026
A21O0033
A21Q0025
A21W0024
A21W0023
A21W0023
A21Q0023
A21A0012
A21C0042
A21C0042
A21P0029
A21P0028
A21W0022
A21W0021
A21W0021
A21W0018
A21W0018
A21Q0021
A21Q0021
A21O0029
A21F0048
A21P0026
A21C0036
A21O0028
A21Q0017
A21A0011
A21O0026
A21O0025
A21C0034
A21C0033
A21P0022
A21C0032
A21C0029
A21C0028
A21Q0014
A21O0022
A21O0021
A21P0021
A21Q0013
A21O0019
A21P0020
A21C0027
A21C0026
A21Q0010
A21Q0009
A21C0025
A21P0018
A21P0018
A21P0018
A21P0018
A21P0018
A21P0018
A21P0018
A21P0018
A21C0023
A21C0023
A21C0022
A21F0032
A21W0013
A21O0015
A21W0012
A21C0020
A21F0028
A21C0019
A21A0006
A21A0005
A21C0018
A21O0007
A21Q0003
A21P0009
A20Q0112
A21Q0002
A21C0016
A21C0015
A21C0013
A21P0006
A21W0006
A21W0006
A21P0004
A21P0004
A21P0004
A21C0012
A21W0004
A21O0003
A21A0003
A21C0010
A21W0003
A21C0008
A21F0006
A21C0007
A21C0006
A21A0002
A21A0001
A20A0046
A20O0109
A21F0002
A21F0001
A20F0207
A20W0093
A20F0205
A20W0090
A20W0090
A20P0108
A20P0108
A20P0108
A20C0110
A20A0045
A20W0089
A20W0089
A20Q0110
A20W0088
A20P0106
A20Q0109
A20P0105
A20O0107
A20W0086
A20W0085
A20Q0107
A20Q0106
A20C0108
A20W0084
A20P0104
A20O0106
A20O0105
A20C0107
A20C0106
A20W0083
A20O0102
A20F0194
A20Q0105
A20C0105
A20W0081
A20F0190
A20P0100
A19W0178
A20P0099
A20Q0102
A20P0097
A20W0080
A20Q0101
A20C0103
A20A0044
A20O0098
A20F0176
A20Q0099
A20F0172
A20F0172
A20C0102
A20A0043
A20C0100
A20C0098
A20Q0098
A20W0078
A20Q0096
A20C0097
A20W0077
A20C0095
A20P0091
A20W0074
A20W0073
A20O0091
A20Q0093
A20A0042
A20A0041
A20C0092
A20C0092
A20W0070
A20F0153
A20O0088
A20W0069
A20Q0090
A20F0151
A20F0150
A20Q0087
A20Q0086
A20A0036
A20C0089
A20W0066
A20P0086
A20O0084
A20C0086
A20W0064
A20W0063
A20W0062
A20P0083
A20P0082
A20P0081
A20F0139
A20O0077
A20P0079
A20F0138
A20F0137
A20C0080
A20C0079
A20P0076
A20C0078
A20O0073
A20C0077
A20A0033
A20W0054
A20A0032
A20A0031
A20P0072
A20F0127
A20W0053
A20W0052
A20A0030
A20O0070
A20A0029
A20C0074
A20Q0076
A20O0067
A20Q0072
A20Q0072
A20P0070
A20P0070
A20C0070
A20A0026
A20A0025
A20C0066
A20C0064
A20A0024
A20C0063
A20A0023
A20A0022
A20P0065
A20O0064
A20P0064
A20O0062
A20Q0069
A20Q0068
A20Q0066
A20Q0065
A20O0060
A20Q0064
A20C0057
A20P0061
A20Q0062
A20Q0062
A20Q0060
A20O0056
A20O0055
A20Q0059
A20F0105
A20W0040
A20W0039
A20C0050
A20C0049
A20W0038
A20W0037
A20Q0054
A19Q0212
A20F0100
A20F0098
A20Q0050
A20C0045
A20O0048
A20A0017
A20A0016
A20O0045
A20A0015
A20Q0049
A20P0057
A20C0041
A20C0040
A20O0044
A20Q0047
A20Q0046
A20P0052
A20F0090
A20F0090
A20C0038
A20Q0045
A20C0037
A20C0037
A20C0037
A20C0037
A20C0037
A20C0037
A20C0037
A20C0037
A20C0037
A19Q0211
A19Q0210
A20O0042
A20C0036
A20F0084
A20F0084
A20W0030
A20F0082
A20O0041
A20O0040
A20Q0043
A20C0029
A20A0013
A20P0044
A20O0039
A20W0029
A20W0028
A20Q0041
A20Q0039
A20P0042
A20F0079
A20O0038
A20O0037
A20O0036
A20O0035
A20F0077
A20F0076
A20P0041
A20W0025
A20F0074
A20C0028
A20O0033
A20C0027
A20C0026
A20C0025
A20Q0038
A20Q0037
A20P0038
A20Q0036
A20O0032
A20W0023
A20W0023
A20O0031
A20Q0035
A20C0024
A20A0010
A20C0023
A20C0022
A20O0030
A20Q0034
A20C0021
A20Q0033
A20Q0032
A20P0035
A20Q0031
A20Q0030
A20Q0029
A20F0067
A20Q0028
A20W0022
A20F0066
A20O0029
A20O0029
A20O0029
A20O0029
A20O0029
A20O0027
A20P0034
A20W0021
A20F0062
A20F0062
A20W0020
A20C0019
A20P0033
A20P0033
A20P0033
A20P0033
A20W0019
A20C0018
A20O0026
A20F0061
A20F0060
A20Q0027
A20Q0026
A20F0059
A20Q0025
A20Q0025
A20F0055
A20F0054
A20F0053
A20F0052
A20A0009
A20C0016
A20C0016
A20F0051
A20Q0024
A20F0050
A20W0017
A20C0015
A20O0024
A20O0023
A20F0045
A20O0022
A20O0020
A20C0014
A19O0195
A20W0015
A20C0013
A20Q0022
A20O0019
A20O0018
A20O0017
A20F0041
A20F0040
A20F0039
A20A0008
A20F0038
A20F0037
A20W0014
A20C0011
A20Q0021
A20W0013
A20W0012
A20O0015
A20O0014
A20F0033
A20F0033
A20F0032
A20Q0019
A20P0020
A20F0028
A20F0027
A20P0018
A20P0017
A20C0009
A20C0009
A20P0016
A20Q0018
A20P0015
A20P0014
A20W0010
A20F0026
A20A0007
A20C0008
A20F0025
A20F0023
A20F0022
A20O0012
A20W0009
A20F0021
A20F0021
A20O0011
A20C0006
A20C0006
A20F0020
A20P0013
A20P0012
A20P0011
A20O0010
A20Q0016
A20O0009
A20F0016
A20F0015
A20A0006
A20O0008
A20P0009
A20O0007
A20F0012
A20F0010
A20Q0014
A20F0009
A20W0007
A20O0006
A20F0008
A20O0005
A20P0007
A20P0007
A20Q0013
A20W0006
A19C0156
A20C0005
A20C0005
A20A0005
A20C0004
A20Q0011
A19C0155
A20O0004
A20Q0010
A20Q0009
A20A0004
A20P0006
A20W0003
A20P0005
A20W0002
A20C0003
A20C0003
A20C0002
A20F0004
A20F0003
A20C0001
A20W0001
A19A0098
A20A0002
A19O0194
A20P0003
A20P0002
A20F0001
A19Q0208
A20O0002
A20O0001
A20Q0008
A20Q0007
A20Q0006
A20Q0005
A20P0001
A19Q0207
A20Q0004
A20Q0003
A20Q0002
A19C0154
A20A0001
A19F0335
A19Q0206
A20Q0001
A20Q0001
A19W0175
A19O0191
A19F0334
A19F0333
A19W0172
A19A0097
A19Q0205
A19Q0204
A19P0188
A19F0331
A19Q0203
A19Q0202
A19F0325
A19W0171
A19C0153
A19F0324
A19C0152
A19P0186
A19W0169
A19P0185
A19P0184
A19P0183
A19Q0201
A19O0186
A19A0095
A19C0151
A19O0185
A19P0182
A19W0168
A19W0167
A19W0165
A19W0165
A19F0320
A19F0319
A19P0181
A19P0180
A19C0149
A19Q0199
A19Q0199
A19W0164
A19C0148
A19O0184
A19O0183
A19P0178
A19P0178
A19P0177
A19W0163
A19W0161
A19F0316
A19O0181
A19F0314
A19F0313
A19W0160
A19F0310
A19F0310
A19A0093
A19F0309
A19C0147
A19A0092
A19F0308
A19F0307
A19W0158
A19C0146
A19Q0196
A19F0306
A19W0157
A19F0305
A19F0304
A19C0145
A19C0144
A19F0303
A19F0303
A19P0173
A19P0172
A19F0302
A19F0300
A19Q0194
A19F0299
A19W0156
A19Q0193
A19O0180
A19O0179
A19A0091
A19P0169
A19P0168
A19F0296
A19A0090
A19O0177
A19O0176
A19W0153
A19F0295
A19A0089
A19F0294
A19Q0192
A19Q0191
A19Q0190
A19O0173
A19Q0188
A19Q0188
A19O0172
A19F0291
A19W0151
A19Q0187
A19Q0187
A19F0288
A19F0287
A19O0167
A19O0166
A19W0150
A19P0165
A19Q0186
A19C0142
A19C0142
A19P0163
A19P0162
A19P0162
A19F0285
A19P0161
A19P0161
A19C0141
A19A0088
A19Q0184
A19P0160
A19F0284
A19O0164
A19W0148
A19F0283
A19W0147
A19P0159
A19F0282
A19W0146
A19Q0183
A19F0281
A19P0157
A19F0279
A19F0278
A19W0145
A19F0277
A19F0275
A19F0274
A19W0144
A19F0272
A19Q0182
A19F0271
A19Q0181
A19Q0180
A19C0138
A19O0160
A19O0159
A19Q0179
A19F0270
A19F0269
A19F0267
A19Q0177
A19O0158
A19O0157
A19F0266
A19C0136
A19F0265
A19Q0176
A19P0155
A19O0154
A19O0153
A19O0152
A19Q0174
A19A0085
A19Q0173
A19Q0172
A19F0262
A19C0135
A19P0154
A19P0153
A19C0134
A19C0134
A19A0083
A19A0082
A19P0152
A19O0150
A19W0140
A19Q0170
A19C0130
A19O0147
A19Q0169
A19P0150
A19Q0168
A19Q0167
A19Q0167
A19O0146
A19Q0166
A19A0079
A19O0145
A19W0137
A19O0144
A19W0136
A19W0135
A19C0129
A19P0146
A19O0143
A19Q0164
A19Q0164
A19O0142
A19A0078
A19P0145
A19P0144
A19O0141
A19O0140
A19A0076
A19A0075
A19W0132
A19Q0161
A19Q0158
A19W0131
A19W0131
A19P0142
A19P0142
A19C0126
A19C0125
A19C0124
A19W0130
A19F0248
A19F0247
A19Q0156
A19C0122
A19O0135
A19F0246
A19P0140
A19F0244
A19P0139
A19F0243
A19C0117
A19Q0155
A19C0115
A19C0114
A19A0072
A19P0136
A19C0113
A19C0112
A19O0134
A19F0239
A19Q0154
A19P0135
A19P0134
A19A0070
A19W0128
A19W0127
A19A0069
A19P0133
A19P0132
A19C0109
A19P0131
A19P0130
A19O0131
A19O0130
A19W0125
A19O0129
A19P0129
A19O0127
A19C0106
A19C0105
A19F0231
A19C0104
A19W0123
A19C0102
A19C0101
A19W0122
A19W0121
A19A0068
A19Q0149
A19P0128
A19C0100
A19C0099
A19F0229
A19F0228
A19F0227
A19O0126
A19Q0148
A19O0125
A19C0098
A19Q0147
A19Q0144
A19O0123
A19C0097
A19A0067
A19P0126
A19F0225
A19Q0143
A19Q0142
A19Q0141
A19F0222
A19O0120
A19O0119
A19W0119
A19P0125
A19C0095
A19W0118
A19A0065
A19O0117
A19O0117
A19O0117
A19O0116
A19A0064
A19F0216
A19F0215
A19F0214
A19Q0137
A19Q0136
A19Q0135
A19Q0134
A19W0113
A19O0114
A19W0111
A19W0111
A19W0110
A19W0109
A19F0212
A19W0108
A19F0210
A19O0108
A19P0122
A19P0121
A19F0207
A19C0092
A19F0205
A19P0119
A19P0118
A19F0204
A19F0203
A19O0107
A19Q0131
A19F0202
A19A0061
A19F0201
A19Q0130
A19O0106
A19P0117
A19O0105
A19O0104
A19F0200
A19W0105
A19W0105
A19P0116
A19P0114
A19P0114
A19A0058
A19C0091
A19F0197
A19F0195
A19F0193
A19W0103
A19F0191
A19Q0123
A19F0190
A19A0056
A19Q0122
A19Q0121
A19Q0118
A19W0100
A19P0112
A19P0112
A19P0112
A19P0112
A19P0112
A19P0112
A19O0102
A19P0111
A19C0090
A19W0098
A19F0188
A19A0055
A19O0099
A19C0089
A19P0106
A19P0105
A19W0097
A19O0097
A19F0184
A19O0095
A19F0182
A19O0094
A19O0093
A19W0094
A19P0100
A19P0099
A19W0091
A19O0092
A19W0089
A19Q0116
A19P0097
A19P0096
A19C0086
A19F0180
A19Q0115
A19Q0114
A19F0179
A19Q0113
A19A0052
A19Q0112
A19P0092
A19C0084
A19O0089
A19O0089
A19W0088
A19P0088
A19P0088
A19F0176
A19P0087
A19Q0105
A19O0088
A19C0080
A19C0079
A19A0050
A19A0049
A19O0087
A19O0087
A19O0086
A19O0084
A19F0174
A19P0085
A19Q0101
A19Q0101
A19O0082
A19O0081
A19W0087
A19F0172
A19P0081
A19Q0099
A19Q0099
A19P0079
A19Q0097
A19O0080
A19A0046
A19F0168
A19C0073
A19C0073
A19Q0094
A19Q0094
A19A0045
A19W0083
A19W0081
A19F0164
A19F0163
A19A0044
A19O0077
A19O0076
A19O0076
A19C0071
A19A0043
A19P0076
A19F0162
A19C0070
A19A0042
A19O0074
A19A0041
A19W0075
A19F0161
A19F0160
A19P0075
A19P0074
A19F0159
A19Q0090
A19C0067
A19C0066
A19C0065
A19Q0089
A19Q0087
A19Q0087
A19Q0086
A19P0071
A19W0070
A19W0070
A19P0069
A19C0062
A19C0062
A19Q0084
A19F0157
A19F0155
A19Q0082
A19Q0081
A19Q0081
A19F0154
A19F0151
A19O0071
A19A0038
A19Q0079
A19Q0076
A19F0147
A19F0146
A19F0145
A19C0060
A19A0036
A19F0144
A19P0066
A19A0034
A19F0143
A19C0058
A19A0033
A19P0065
A19P0064
A19P0064
A19O0070
A19O0069
A19F0139
A19C0057
A19O0067
A19O0067
A19O0067
A19C0056
A19C0056
A19A0032
A19A0031
A19F0137
A19W0064
A19F0135
A19C0052
A19C0051
A19C0049
A19F0133
A19W0060
A19P0061
A19Q0071
A19Q0070
A19F0131
A19F0129
A19F0128
A19A0029
A19W0058
A19F0125
A19Q0066
A19Q0065
A19Q0064
A19C0045
A19O0065
A19F0121
A19F0120
A19C0043
A19F0119
A19O0064
A19Q0063
A19O0063
A19A0027
A19F0116
A19Q0061
A19F0115
A19W0054
A19C0042
A19F0112
A19F0111
A19Q0060
A19O0061
A19Q0059
A19Q0059
A19C0040
A19Q0058
A19Q0058
A19F0110
A19O0060
A19P0058
A19W0052
A19F0108
A19O0058
A19F0107
A19P0057
A19F0106
A19O0055
A19F0104
A19F0103
A19P0056
A19O0054
A19A0024
A19C0039
A19A0023
A19Q0054
A19Q0054
A19Q0053
A19P0055
A19P0054
A19W0047
A19W0046
A19A0022
A19A0021
A19F0100
A19C0036
A19P0051
A19P0051
A19C0035
A19Q0052
A19F0099
A19Q0050
A19Q0049
A19O0048
A19Q0047
A19A0020
A19A0019
A19C0034
A19O0047
A19F0095
A19P0050
A19O0046
A19C0033
A19O0045
A19C0032
A19O0043
A19F0094
A19C0030
A19C0030
A19Q0046
A19W0044
A19W0044
A19F0088
A19Q0045
A19O0040
A19P0048
A19C0029
A19O0039
A19Q0043
A19F0087
A19Q0042
A19C0028
A19C0027
A19F0086
A19F0085
A19P0045
A19W0040
A19O0037
A19O0037
A19O0036
A19Q0040
A19Q0039
A19F0083
A19F0082
A19C0025
A19C0025
A19Q0037
A19F0081
A19O0033
A19O0033
A19W0039
A19O0031
A19O0030
A19F0079
A19P0043
A19F0076
A19Q0036
A19P0041
A19P0040
A19F0075
A19F0074
A19O0029
A19F0073
A19W0038
A19W0037
A19Q0034
A19Q0034
A19P0037
A19W0033
A19W0033
A19W0032
A19W0032
A19C0020
A19A0018
A19F0071
A19A0017
A19A0017
A19F0070
A19O0027
A19P0036
A19C0018
A19A0016
A19C0017
A19F0068
A19F0068
A19F0067
A19F0067
A19F0066
A19F0065
A19A0015
A19F0064
A19F0064
A19A0014
A19A0014
A19F0062
A19F0061
A19F0061
A19O0025
A19A0013
A19P0034
A19F0059
A19F0059
A19F0058
A19F0057
A19O0024
A19F0054
A19Q0033
A19P0033
A19C0016
A19A0012
A19A0012
A19A0012
A19O0023
A19P0031
A19O0022
A19O0021
A19W0031
A19W0030
A19W0029
A19F0051
A19F0050
A19O0019
A19O0019
A19F0049
A19Q0032
A19A0011
A19W0027
A19W0026
A19P0029
A19Q0031
A19Q0030
A19C0015
A19O0018
A19O0017
A19O0017
A19F0046
A19F0046
A19C0014
A19F0045
A19O0015
A19C0013
A19O0013
A19O0012
A19O0011
A19Q0029
A19Q0029
A19Q0028
A19P0027
A19F0040
A19F0039
A19W0025
A19W0024
A19Q0027
A19Q0027
A19Q0026
A19W0022
A19W0021
A19O0009
A19Q0025
A19Q0025
A19Q0024
A19F0037
A19F0036
A19F0034
A19A0010
A19W0019
A19F0033
A19O0008
A19O0008
A19Q0023
A19F0030
A19Q0021
A19A0009
A19A0008
A19P0023
A19W0018
A19P0022
A19P0021
A19Q0020
A19Q0019
A19Q0017
A19Q0016
A19P0020
A19P0019
A19Q0015
A19O0007
A19F0024
A19Q0014
A19A0007
A19W0017
A19F0022
A19F0021
A19W0016
A19C0010
A19C0009
A19Q0013
A19Q0013
A19P0017
A19W0015
A19W0015
A19O0006
A19W0014
A19O0005
A19P0015
A19C0007
A19Q0012
A19Q0012
A19F0017
A19P0013
A19F0015
A19Q0010
A19Q0010
A19Q0010
A19Q0010
A19Q0010
A19Q0010
A19A0006
A19W0013
A19W0012
A19W0011
A19C0006
A19P0011
A19P0010
A19P0010
A19P0009
A19P0008
A19F0014
A19F0013
A19Q0009
A19F0012
A19W0009
A19W0009
A19A0005
A19F0011
A19Q0008
A19Q0007
A19F0009
A19Q0006
A19Q0006
A19F0007
A19F0006
A19F0005
A19Q0005
A19W0008
A19O0004
A19Q0003
A18P0193
A18P0192
A18P0191
A18P0191
A19W0006
A19P0007
A19W0005
A19Q0002
A19W0003
A19W0003
A19W0002
A19W0002
A18O0176
A18O0176
A18O0175
A19P0006
A19W0001
A19P0005
A19F0003
A19O0003
A18O0174
A18O0173
A19A0003
A19A0003
A18O0172
A19P0004
A19O0002
A19P0003
A19P0003
A19P0002
A19P0002
A19P0002
A19P0002
A18P0189
A18P0188
A18P0188
A19A0002
A19F0002
A18F0308
A18F0308
A19C0001
A19O0001
A18A0098
A18A0098
A19A0001
A19F0001
A18F0307
A19Q0001
A18P0187
A18W0188
A18W0187
A18W0186
A18P0185
A18P0184
A18C0131
A18F0303
A18F0301
A18F0300
A18F0298
A18O0170
A18F0296
A18O0169
A18C0130
A18P0181
A18P0181
A18W0185
A18Q0204
A18A0097
A18O0167
A18O0166
A18O0165
A18O0165
A18O0164
A18F0293
A18F0292
A18F0292
A18F0291
A18F0290
A18F0290
A18P0180
A18P0179
A18F0289
A18Q0203
A18Q0202
A18Q0201
A18C0128
A18C0127
A18F0286
A18F0286
A18P0178
A18P0178
A18Q0200
A18W0184
A18W0183
A18C0126
A18P0177
A18P0177
A18Q0197
A18P0175
A18P0174
A18F0283
A18C0125
A18Q0195
A18C0124
A18F0281
A18F0280
A18P0172
A18P0172
A18W0182
A18P0170
A18Q0191
A18Q0190
A18W0181
A18O0163
A18A0095
A18F0277
A18F0277
A18A0094
A18Q0189
A18F0276
A18F0275
A18W0179
A18Q0188
A18W0178
A18A0091
A18W0177
A18O0162
A18F0274
A18F0273
A18O0161
A18C0122
A18W0176
A18W0175
A18W0174
A18W0172
A18C0119
A18C0118
A18C0117
A18C0117
A18W0171
A18W0171
A18Q0187
A18Q0185
A18Q0184
A18Q0184
A18Q0183
A18F0268
A18F0266
A18P0168
A18Q0182
A18Q0182
A18A0088
A18C0116
A18Q0181
A18Q0181
A18C0115
A18A0087
A18W0169
A18Q0179
A18F0261
A18F0259
A18A0085
A18W0168
A18W0167
A18W0166
A18Q0178
A18O0152
A18O0151
A18P0165
A18C0113
A18O0149
A18F0255
A18F0255
A18F0254
A18F0254
A18F0253
A18A0083
A18A0083
A18F0251
A18F0250
A18O0148
A18O0147
A18A0082
A18A0081
A18Q0177
A18C0112
A18Q0176
A18C0111
A18C0110
A18O0146
A18O0145
A18C0108
A18C0107
A18F0246
A18C0106
A18C0106
A18F0244
A18W0163
A18O0144
A18O0144
A18F0243
A18O0143
A18O0142
A18O0142
A18F0242
A18F0241
A18Q0172
A18A0080
A18F0240
A18A0079
A18A0078
A18W0162
A18A0077
A18P0160
A18Q0167
A18C0105
A18F0233
A18W0159
A18C0104
A18Q0166
A18P0157
A18W0158
A18W0157
A18W0157
A18C0103
A18C0102
A18Q0164
A18Q0164
A18Q0163
A18Q0162
A18Q0162
A18C0101
A18O0137
A18F0230
A18Q0161
A18Q0160
A18P0156
A18P0156
A18P0155
A18A0076
A18F0228
A18C0100
A18W0155
A18P0153
A18P0152
A18P0152
A18P0151
A18W0154
A18F0225
A18O0136
A18F0223
A18W0152
A18P0148
A18Q0158
A18Q0157
A18Q0157
A18F0222
A18F0221
A18W0151
A18W0151
A18A0075
A18W0150
A18O0135
A18F0220
A18F0220
A18P0145
A18P0144
A18P0144
A18C0097
A18A0074
A18W0147
A18Q0156
A18Q0155
A18Q0154
A18Q0153
A18Q0152
A18P0142
A18C0096
A18W0146
A18P0141
A18P0140
A18O0132
A18O0132
A18P0139
A18P0138
A18P0137
A18P0137
A18P0136
A18O0130
A18F0219
A18A0072
A18A0072
A18W0144
A18W0144
A18W0144
A18A0071
A18Q0151
A18Q0150
A18Q0150
A18Q0149
A18W0143
A18F0216
A18W0141
A18A0069
A18A0069
A18A0068
A18O0129
A18O0129
A18W0140
A18Q0147
A18F0213
A18Q0146
A18O0128
A18O0127
A18A0066
A18P0130
A18P0129
A18C0089
A18O0126
A18O0126
A18A0065
A18O0125
A18P0125
A18W0138
A18W0137
A18W0137
A18F0209
A18P0123
A18Q0142
A18F0204
A18A0064
A18Q0141
A18Q0141
A18P0120
A18W0136
A18Q0139
A18F0203
A18O0124
A18F0201
A18F0200
A18Q0137
A18O0122
A18O0121
A18P0119
A18O0120
A18O0115
A18F0199
A18W0133
A18W0133
A18F0198
A18F0196
A18W0132
A18W0132
A18Q0136
A18F0194
A18F0193
A18A0061
A18Q0135
A18O0113
A18Q0134
A18C0085
A18Q0133
A18C0084
A18Q0131
A18Q0130
A18W0130
A18W0129
A18Q0128
A18W0128
A18W0128
A18C0082
A18W0127
A18W0126
A18Q0127
A18Q0126
A18Q0126
A18A0060
A18F0189
A18F0188
A18Q0124
A18Q0124
A18W0124
A18W0124
A18Q0122
A18O0111
A18O0110
A18P0116
A18P0114
A18W0122
A18P0113
A18F0181
A18F0181
A18C0081
A18C0081
A18C0080
A18A0059
A18Q0121
A18Q0121
A18P0111
A18W0120
A18W0119
A18F0179
A18P0110
A18P0110
A18Q0120
A18F0178
A18F0177
A18F0176
A18A0058
A18C0079
A18P0108
A18W0115
A18W0115
A18O0108
A18P0107
A18O0107
A18W0112
A18W0110
A18W0110
A18W0108
A18W0107
A18W0107
A18P0106
A18P0105
A18P0104
A18P0103
A18O0105
A18W0106
A18O0104
A18C0077
A18O0103
A18O0103
A18P0102
A18F0170
A18F0170
A18W0105
A18O0100
A18O0099
A18P0099
A18F0168
A18A0057
A18C0076
A18F0167
A18F0166
A18P0098
A18W0104
A18C0075
A18Q0115
A18C0074
A18O0097
A18C0073
A18F0163
A18F0162
A18F0162
A18F0161
A18C0072
A18W0100
A18W0100
A18W0100
A18A0055
A18Q0114
A18P0093
A18F0159
A18C0071
A18P0092
A18C0068
A18Q0112
A18Q0111
A18C0067
A18C0065
A18F0157
A18F0156
A18A0054
A18F0155
A18F0154
A18O0095
A18W0095
A18W0095
A18F0153
A18F0152
A18F0151
A18W0094
A18C0062
A18W0093
A18O0092
A18C0060
A18C0059
A18A0052
A18Q0107
A18C0058
A18Q0105
A18C0057
A18A0051
A18F0147
A18C0056
A18C0055
A18O0089
A18O0086
A18A0049
A18Q0102
A18W0091
A18F0146
A18C0052
A18C0050
A18Q0100
A18Q0099
A18A0048
A18Q0098
A18F0143
A18P0088
A18W0089
A18C0047
A18O0085
A18O0084
A18O0083
A18W0087
A18W0086
A18Q0094
A18Q0094
A18Q0094
A18Q0094
A18Q0094
A18O0082
A18F0137
A18F0136
A18A0047
A18O0081
A18O0080
A18P0084
A18A0046
A18O0076
A18F0134
A18F0133
A18Q0091
A18W0084
A18Q0090
A18C0045
A18P0082
A18F0132
A18W0083
A18P0081
A18Q0089
A18C0043
A18F0130
A18Q0084
A18Q0083
A18F0128
A18F0127
A18C0042
A18O0073
A18C0041
A18C0041
A18P0080
A18W0081
A18O0072
A18A0042
A18P0079
A18O0071
A18P0078
A18Q0082
A18Q0082
A18Q0081
A18Q0080
A18O0070
A18W0080
A18O0069
A18W0079
A18W0078
A18F0122
A18Q0077
A18Q0077
A18Q0076
A18F0119
A18F0118
A18P0077
A18A0041
A18C0037
A18A0040
A18A0039
A18P0074
A18P0073
A18W0073
A18W0073
A18Q0072
A18Q0072
A18Q0071
A18Q0071
A18P0072
A18P0072
A18C0036
A18C0035
A18W0071
A18W0070
A18P0071
A18C0032
A18O0063
A18Q0070
A18Q0068
A18Q0067
A18Q0067
A18F0110
A18F0110
A18F0110
A18P0067
A18P0066
A18P0065
A18Q0066
A18F0106
A18C0029
A18C0029
A18Q0065
A18Q0064
A18Q0063
A18Q0063
A18W0066
A18F0105
A18F0105
A18W0064
A18W0063
A18W0060
A18A0036
A18F0103
A18Q0062
A18Q0061
A18Q0061
A18F0101
A18W0058
A18F0100
A18F0098
A18A0035
A18F0096
A18O0061
A18Q0058
A18F0091
A18F0088
A18P0059
A18W0056
A18O0060
A18O0059
A18O0058
A18P0058
A18A0034
A18A0034
A18P0056
A18P0055
A18P0054
A18O0056
A18O0055
A18C0022
A18O0054
A18O0053
A18F0086
A18O0052
A18W0054
A18W0054
A18Q0055
A18Q0055
A18Q0054
A18Q0054
A18A0033
A18F0085
A18C0019
A18Q0052
A18Q0052
A18Q0051
A18Q0051
A18P0052
A18F0083
A18O0051
A18A0032
A18A0032
A18A0031
A18Q0050
A18A0030
A18Q0049
A18O0050
A18Q0048
A18Q0047
A18P0050
A18C0017
A18Q0046
A18O0049
A18F0078
A18F0077
A18F0076
A18F0075
A18W0052
A18A0029
A18O0048
A18W0051
A18W0050
A18A0028
A18F0072
A18O0045
A18P0047
A18P0046
A18W0049
A18F0071
A18F0071
A18F0070
A18F0069
A18F0069
A18W0048
A18W0048
A18W0047
A18A0027
A18F0068
A18Q0044
A18A0026
A18Q0042
A18O0043
A18P0043
A18A0024
A18C0016
A18O0042
A18P0042
A18P0042
A18W0046
A18W0045
A18O0039
A18W0043
A18O0038
A18F0064
A18F0063
A18Q0041
A18Q0041
A18Q0040
A18Q0039
A18A0022
A18A0021
A18P0041
A18C0014
A18Q0037
A18A0020
A18W0041
A18W0040
A18P0039
A18Q0036
A18F0058
A18A0019
A18F0056
A18F0054
A18A0018
A18A0018
A18F0052
A18W0038
A18F0051
A18P0036
A18O0037
A18O0037
A18O0036
A18W0037
A18A0016
A18O0035
A18A0015
A18Q0035
A18P0033
A18W0036
A18Q0034
A18O0034
A18C0012
A18C0011
A18O0032
A18A0014
A18F0049
A17O0281
A17O0281
A18F0048
A18Q0030
A18O0028
A18O0028
A18O0028
A18P0031
A18P0031
A18Q0028
A18Q0028
A18W0034
A18F0046
A18F0045
A18O0027
A18O0026
A18P0030
A18F0042
A18F0042
A18F0041
A18P0029
A18P0028
A18P0028
A18W0033
A18W0031
A18P0026
A18P0025
A18P0025
A18W0030
A18W0029
A18W0028
A18C0010
A18F0038
A18W0027
A18W0026
A18O0024
A18O0024
A18O0023
A18P0021
A18F0036
A18W0024
A18P0020
A18W0023
A18W0022
A18F0035
A18F0034
A18A0013
A18A0012
A18F0032
A18O0021
A18O0020
A18W0021
A18W0020
A18O0019
A18A0011
A18W0018
A18Q0023
A18Q0022
A18O0018
A18F0031
A18F0030
A18A0009
A17O0280
A18Q0021
A18Q0020
A18C0009
A18Q0019
A18Q0018
A18P0018
A17P0190
A18A0008
A18W0016
A18O0017
A18O0017
A18W0015
A17O0279
A18F0029
A18C0007
A18W0014
A18C0006
A18F0027
A18F0027
A18F0026
A18F0025
A18F0024
A18W0012
A18A0006
A18Q0015
A18Q0014
A18W0011
A18F0023
A18Q0013
A18F0022
A18F0021
A18O0016
A18P0015
A18P0015
A18Q0012
A18Q0011
A18Q0009
A18Q0008
A18P0014
A18O0015
A18F0020
A18O0014
A18C0005
A18F0018
A18F0016
A18F0015
A18F0014
A18A0005
A18Q0007
A18W0008
A18F0011
A18O0011
A18W0007
A18P0011
A18A0004
A18A0004
A18P0010
A18P0009
A18F0009
A18O0010
A17A0090
A18A0002
A18O0009
A18O0009
A18O0009
A17Q0207
A18Q0005
A18Q0004
A18Q0003
A18Q0002
A17O0278
A17O0277
A18C0004
A18O0007
A17O0276
A17O0275
A18A0001
A18O0006
A18Q0001
A18O0005
A18P0005
A18P0002
A18C0003
A18W0004
A18W0003
A17Q0204
A17O0273
A17F0337
A17F0336
A17O0272
A18O0004
A18O0003
A17O0271
A18F0003
A17F0335
A18O0002
A18O0002
A18O0002
A18F0002
A17F0334
A18C0002
A18C0001
A18P0001
A17O0269
A17C0154
A18W0001
A17P0188
A17F0333
A17F0332
A17O0268
A18O0001
A17F0331
A17Q0203
A17Q0202
A17A0089
A17A0089
A17W0195
A17F0329
A17A0088
A17O0267
A17O0267
A17W0194
A17C0150
A17Q0200
A17A0087
A17Q0199
A17Q0198
A17Q0197
A17Q0197
A17Q0196
A17P0187
A17F0326
A17F0325
A17A0084
A17O0266
A17O0265
A17Q0195
A17Q0194
A17Q0194
A17W0192
A17Q0193
A17F0323
A17Q0192
A17Q0190
A17Q0189
A17A0083
A17F0321
A17O0263
A17O0262
A17C0146
A17F0320
A17W0191
A17F0318
A17F0317
A17Q0188
A17F0316
A17A0081
A17A0081
A17Q0187
A17C0144
A17P0184
A17P0183
A17Q0185
A17Q0184
A17F0314
A17F0312
A17Q0183
A17P0181
A17F0309
A17F0308
A17W0190
A17O0260
A17P0180
A17F0306
A17Q0182
A17F0305
A17O0258
A17W0189
A17C0142
A17O0257
A17P0177
A17F0300
A17F0299
A17F0298
A17F0297
A17W0188
A17P0176
A17P0175
A17P0173
A17P0171
A17P0169
A17O0254
A17Q0181
A17O0253
A17O0252
A17F0292
A17F0292
A17O0250
A17O0249
A17W0185
A17P0167
A17P0166
A17P0165
A17A0080
A17A0080
A17A0079
A17F0289
A17O0247
A17O0246
A17O0245
A17W0184
A17C0139
A17C0138
A17P0164
A17O0244
A17F0288
A17F0287
A17W0183
A17F0285
A17F0284
A17F0283
A17C0137
A17C0136
A17Q0180
A17C0135
A17P0163
A17W0182
A17P0162
A17F0281
A17F0280
A17F0279
A17F0277
A17P0161
A17Q0179
A17Q0178
A17Q0177
A17O0243
A17W0181
A17A0077
A17F0274
A17F0272
A17Q0176
A17W0180
A17W0180
A17O0241
A17O0239
A17O0239
A17W0179
A17W0179
A17O0238
A17O0237
A17O0236
A17P0160
A17W0177
A17O0235
A17O0234
A17C0134
A17O0233
A17C0133
A17F0270
A17W0175
A17P0159
A17P0158
A17Q0174
A17O0232
A17C0131
A17C0130
A17F0267
A17W0173
A17C0127
A17F0265
A17O0229
A17Q0172
A17A0075
A17Q0171
A17O0228
A17P0157
A17W0171
A17W0170
A17Q0164
A17F0260
A17P0154
A17F0259
A17F0259
A17O0224
A17F0258
A17F0257
A17W0169
A17F0255
A17O0223
A17O0222
A17F0254
A17F0253
A17O0221
A17O0220
A17F0251
A17F0250
A17O0219
A17O0219
A17F0249
A17F0248
A17Q0163
A17O0218
A17A0073
A17P0153
A17F0246
A17Q0161
A17Q0160
A17Q0159
A17A0072
A17A0071
A17P0152
A17A0069
A17A0068
A17F0243
A17F0242
A17A0067
A17C0123
A17W0165
A17W0164
A17W0163
A17A0065
A17F0238
A17Q0158
A17F0235
A17F0234
A17F0233
A17Q0157
A17O0216
A17W0162
A17Q0155
A17O0215
A17C0122
A17Q0154
A17Q0154
A17A0063
A17W0160
A17W0160
A17F0231
A17A0062
A17F0230
A17C0120
A17O0210
A17P0146
A17C0119
A17Q0150
A17Q0149
A17W0158
A17P0143
A17C0118
A17Q0147
A17Q0146
A17W0155
A17P0142
A17P0141
A17W0154
A17W0153
A17F0226
A17C0117
A17W0149
A17O0208
A17O0207
A17P0140
A17O0206
A17O0205
A17W0148
A17Q0143
A17F0221
A17F0220
A17P0138
A17F0219
A17F0218
A17F0217
A17F0216
A17F0214
A17Q0142
A17W0146
A17O0202
A17O0202
A17Q0141
A17F0212
A17F0211
A17P0134
A17P0134
A17O0201
A17P0133
A17F0210
A17Q0140
A17F0209
A17P0130
A17P0130
A17P0129
A17Q0139
A17Q0138
A17O0199
A17W0142
A17W0137
A17F0208
A17C0113
A17Q0137
A17W0136
A17O0198
A17P0127
A17F0207
A17P0126
A17C0111
A17Q0132
A17O0197
A17F0206
A17F0205
A17W0133
A17W0132
A17O0195
A17O0194
A17Q0130
A17W0128
A17W0127
A17C0107
A17O0193
A17F0203
A17W0126
A17Q0129
A17W0124
A17C0106
A17Q0128
A17O0191
A17F0200
A17F0199
A17F0199
A17W0123
A17O0189
A17F0198
A17C0103
A17W0122
A17O0187
A17Q0127
A17Q0126
A17O0186
A17O0185
A17F0194
A17O0184
A17W0119
A17F0192
A17O0182
A17Q0123
A17Q0122
A17F0189
A17Q0121
A17O0179
A17C0099
A17C0098
A17O0175
A17F0187
A17F0187
A17F0186
A17O0173
A17F0185
A17W0117
A17F0183
A17F0182
A17F0180
A17Q0118
A17Q0117
A17A0054
A17Q0116
A17O0170
A17F0179
A17W0115
A17W0114
A17Q0114
A17O0169
A17O0168
A17C0095
A17W0111
A17W0110
A17W0109
A17F0176
A17W0107
A17W0105
A17A0053
A17F0174
A17O0164
A17O0164
A17P0110
A17A0052
A17O0161
A17Q0110
A17Q0108
A17W0103
A17F0172
A17W0102
A17Q0105
A17F0171
A17W0101
A17C0092
A17F0170
A17O0160
A17P0107
A17F0168
A17F0167
A17O0157
A17O0156
A17O0155
A17O0154
A17O0153
A17P0106
A17P0106
A17O0152
A17O0151
A17C0087
A17Q0101
A17Q0100
A17W0097
A17C0086
A17F0166
A17C0085
A17O0150
A17A0050
A17F0164
A17P0103
A17O0148
A17C0082
A17O0147
A17A0049
A17P0100
A17C0081
A17F0159
A17C0080
A17C0079
A17O0142
A17A0046
A17P0097
A17P0096
A17O0141
A17O0140
A17F0155
A17P0095
A17P0095
A17Q0094
A17C0075
A17O0138
A17Q0092
A17Q0091
A17O0137
A17Q0089
A17F0148
A17F0147
A17F0146
A17O0136
A17Q0088
A17Q0086
A17Q0085
A17O0135
A17O0134
A17C0074
A17W0093
A17W0093
A17O0133
A17C0072
A17C0071
A17W0092
A17O0131
A17C0070
A17P0092
A17F0142
A17O0130
A17C0069
A17P0089
A17F0141
A17F0140
A17A0044
A17A0043
A17W0090
A17Q0082
A17O0128
A17O0128
A17F0139
A17C0066
A17O0126
A17O0125
A17Q0081
A17P0086
A17W0088
A17O0121
A17O0121
A17O0120
A17P0085
A17Q0080
A17O0119
A17O0118
A17A0042
A17O0117
A17C0064
A17O0116
A17W0086
A17W0085
A17W0084
A17C0062
A17W0083
A17C0060
A17P0081
A17P0081
A17F0132
A17F0131
A17C0058
A17F0130
A17W0080
A17Q0077
A17Q0077
A17Q0076
A17Q0075
A17Q0074
A17F0127
A17W0075
A17C0057
A17C0055
A17W0074
A17Q0073
A17O0114
A17O0113
A17W0072
A17F0126
A17P0078
A17W0070
A17O0112
A17F0125
A17W0068
A17W0068
A17P0075
A17F0123
A17W0066
A17O0111
A17O0111
A17O0111
A17F0121
A17Q0071
A17F0120
A17F0119
A17A0034
A17C0053
A17C0052
A17C0051
A17C0050
A17Q0070
A17O0110
A17Q0066
A17F0118
A17F0117
A17F0116
A17F0115
A17O0109
A17C0049
A17C0049
A17F0114
A17C0047
A17Q0063
A17F0111
A17Q0062
A17Q0062
A17O0107
A17P0071
A17C0046
A17W0065
A17Q0060
A17Q0060
A17F0107
A17W0064
A17O0103
A17O0102
A17C0045
A17Q0058
A17Q0057
A17O0098
A17O0097
A17A0032
A17A0032
A17O0096
A17A0031
A17F0105
A17P0068
A17O0095
A17O0094
A17Q0055
A17F0104
A17F0103
A17C0041
A17W0060
A17O0093
A17O0093
A17A0030
A17A0030
A17F0100
A17P0067
A17P0065
A17O0092
A17F0098
A17F0097
A17F0096
A17F0096
A17F0095
A17O0091
A17O0090
A17Q0049
A17W0059
A17O0089
A17Q0048
A17Q0048
A17W0057
A17P0063
A17O0088
A17O0086
A17O0085
A17Q0047
A17Q0046
A17Q0046
A17F0090
A17W0056
A17O0084
A17F0088
A17F0087
A17O0083
A17O0083
A17C0040
A17P0062
A17O0081
A17Q0044
A17C0038
A17O0079
A17W0054
A17W0053
A17A0028
A17Q0041
A17O0078
A17F0085
A17C0036
A17C0035
A17O0077
A17O0075
A17F0082
A17A0027
A17O0074
A17O0073
A17O0072
A17F0081
A17O0071
A17P0056
A17F0080
A17F0079
A17Q0040
A17F0078
A17F0077
A17Q0039
A17O0069
A17O0069
A17O0069
A17O0068
A17W0050
A17O0067
A17C0034
A17A0024
A17A0023
A17W0049
A17W0049
A17C0033
A17F0075
A17F0074
A17P0055
A17P0054
A16C0150
A17F0073
A17P0052
A17O0065
A17O0064
A17O0063
A17O0062
A17A0021
A17O0061
A17Q0037
A17Q0036
A17W0048
A17F0070
A17O0059
A17O0058
A17O0057
A17W0046
A17W0046
A17O0056
A17O0055
A17Q0035
A17O0053
A17A0020
A17W0045
A17P0050
A17Q0033
A17C0032
A17O0052
A17O0051
A17P0048
A17F0063
A17F0062
A17O0049
A17Q0032
A17Q0032
A17C0030
A17O0047
A17W0043
A17W0042
A17F0060
A17F0059
A17C0029
A17A0018
A17P0043
A17P0042
A17W0040
A17C0028
A17F0055
A17F0055
A17O0046
A17P0041
A17O0044
A17O0043
A17O0042
A17O0041
A17W0039
A17W0038
A17C0027
A17F0052
A17O0040
A17P0040
A17O0039
A17F0051
A17O0037
A17O0036
A17O0035
A17C0026
A17O0034
A17C0025
A17C0024
A17P0038
A17Q0028
A17O0033
A17Q0027
A17Q0027
A17Q0026
A17O0032
A17O0031
A17C0023
A17P0037
A17F0048
A17C0022
A17W0037
A17P0035
A17C0021
A17F0044
A17W0036
A17O0030
A17C0020
A17O0029
A17C0019
A17Q0024
A17W0035
A17W0034
A17O0028
A17O0028
A17O0026
A17F0042
A17F0041
A16Q0171
A17F0040
A17F0040
A17A0011
A17P0030
A17C0016
A17P0029
A17Q0023
A17C0015
A17O0025
A17P0028
A17P0027
A17P0025
A17C0014
A17F0035
A17A0010
A17W0032
A17W0031
A17W0030
A17O0024
A17O0024
A17A0009
A17F0033
A17F0032
A17F0031
A17Q0022
A17O0021
A17W0027
A17F0030
A17P0022
A17A0007
A17W0026
A17W0025
A17Q0021
A17Q0021
A17O0020
A17Q0020
A17Q0019
A17O0018
A17P0017
A17W0023
A17Q0017
A17C0013
A17C0012
A17F0025
A17W0021
A17Q0016
A17O0017
A17O0017
A17W0019
A17W0017
A17W0016
A17Q0015
A17W0015
A17F0023
A17F0021
A17O0016
A17F0020
A17Q0014
A17Q0013
A17O0015
A17C0010
A17F0019
A17W0013
A17Q0012
A17A0006
A16O0193
A17P0012
A17F0017
A17C0008
A17C0007
A17O0014
A17W0012
A17A0005
A17Q0010
A17C0006
A17O0013
A17Q0009
A17Q0008
A17A0004
A17A0004
A17P0010
A17O0012
A17P0009
A17P0008
A17Q0007
A17Q0006
A17Q0006
A17W0010
A17O0010
A17F0010
A16O0192
A16O0191
A17A0003
A17C0005
A17O0009
A17W0009
A17W0008
A16P0236
A17Q0005
A17O0008
A17P0004
A17P0003
A17O0007
A17F0007
A16F0238
A16F0237
A17C0003
A17C0003
A17F0004
A16F0235
A16F0234
A16F0233
A17F0003
A17W0007
A17O0005
A17O0005
A16O0187
A16O0186
A17O0004
A17O0003
A16F0232
A16Q0170
A17W0006
A17P0002
A17P0001
A17W0005
A17Q0003
A17C0002
A16O0185
A16P0235
A17C0001
A17O0001
A16P0234
A16P0233
A16F0230
A16P0232
A16P0231
A16W0185
A17Q0001
A17Q0001
A17Q0001
A16P0230
A16P0230
A16P0228
A17W0003
A17W0002
A17F0001
A16F0229
A16W0184
A16P0226
A16P0225
A16P0224
A16W0183
A16O0183
A16O0182
A16O0182
A16F0227
A16F0226
A16F0225
A16F0224
A16F0223
A16F0222
A16O0181
A16O0180
A16W0182
A16C0148
A16C0147
A16O0179
A16Q0169
A16W0180
A16W0179
A16C0146
A16C0146
A16Q0168
A16O0178
A16O0177
A16O0176
A16F0221
A16O0175
A16F0220
A16O0174
A16O0173
A16W0178
A16W0178
A16C0145
A16C0144
A16A0115
A16A0114
A16O0172
A16O0171
A16C0143
A16P0221
A16P0221
A16P0220
A16O0169
A16C0142
A16Q0167
A16W0177
A16F0216
A16F0215
A16W0175
A16W0174
A16W0173
A16Q0166
A16Q0166
A16Q0165
A16Q0165
A16F0211
A16Q0164
A16Q0164
A16Q0164
A16Q0164
A16O0167
A16P0218
A16F0209
A16O0166
A16P0217
A16P0216
A16P0215
A16C0140
A16P0214
A16W0171
A16C0139
A16W0170
A16W0169
A16Q0161
A16W0167
A16W0166
A16W0165
A16F0207
A16F0206
A16W0164
A16W0163
A16Q0160
A16O0165
A16O0165
A16C0138
A16O0163
A16Q0159
A16Q0159
A16F0203
A16W0162
A16W0161
A16F0201
A16F0201
A16C0137
A16A0111
A16Q0157
A16O0161
A16P0211
A16F0198
A16P0210
A16O0159
A16F0197
A16W0160
A16W0160
A16F0196
A16A0109
A16Q0156
A16F0195
A16F0195
A16P0209
A16P0208
A16P0207
A16P0206
A16F0193
A16C0136
A16C0135
A16Q0153
A16C0134
A16Q0150
A16Q0150
A16A0108
A16C0133
A16P0204
A16P0203
A16F0189
A16F0188
A16C0132
A16Q0149
A16W0158
A16Q0148
A16C0131
A16C0130
A16O0158
A16O0158
A16P0201
A16F0184
A16Q0147
A16O0157
A16P0200
A16F0182
A16O0156
A16O0156
A16O0156
A16O0156
A16Q0144
A16P0199
A16O0155
A16O0154
A16P0198
A16F0179
A16F0178
A16Q0142
A16F0177
A16P0197
A16C0128
A16O0153
A16F0175
A16P0196
A16C0126
A16A0106
A16F0171
A16W0155
A16Q0141
A16A0105
A16Q0140
A16P0195
A16Q0138
A16C0125
A16O0152
A16A0104
A16A0103
A16F0169
A16F0168
A16F0167
A16F0166
A16C0124
A16Q0135
A16Q0135
A16W0154
A16P0192
A16F0165
A16Q0134
A16Q0133
A16O0150
A16F0164
A16Q0129
A16C0122
A16C0121
A16W0150
A16C0120
A16A0101
A16P0191
A16W0149
A16P0190
A16O0149
A16C0118
A16A0099
A16C0116
A16O0148
A16O0148
A16C0115
A16P0187
A16W0147
A16W0146
A16W0145
A16F0158
A16W0144
A16W0143
A16W0142
A16O0145
A16P0181
A16Q0125
A16F0157
A16C0112
A16C0111
A16Q0123
A16P0179
A16F0154
A16O0142
A16O0142
A16A0098
A16A0097
A16O0141
A16O0141
A16Q0122
A16W0138
A16P0178
A16F0150
A16P0176
A16F0149
A16A0094
A16O0140
A16O0138
A16O0136
A16P0174
A16Q0120
A16A0093
A16W0136
A16O0135
A16Q0117
A16Q0116
A16C0106
A16O0133
A16O0133
A16Q0115
A16Q0114
A16P0172
A16P0171
A16O0132
A16O0132
A16O0131
A16O0131
A16A0090
A16A0089
A16W0134
A16W0133
A16C0105
A16O0130
A16O0130
A16A0088
A16A0087
A16Q0112
A16W0130
A16W0130
A16O0129
A16A0086
A16Q0111
A16P0166
A16P0164
A16P0163
A16C0103
A16F0143
A16F0141
A16C0102
A16O0128
A16O0127
A16W0128
A16O0126
A16O0125
A16Q0110
A16P0161
A16C0101
A16C0101
A16F0133
A16Q0107
A16A0083
A16F0132
A16C0099
A16W0125
A16W0124
A16P0158
A16P0157
A16C0095
A16F0130
A16F0130
A16W0123
A16O0121
A16Q0104
A16P0154
A16O0120
A16C0094
A16O0119
A16C0093
A16P0153
A16P0152
A16O0117
A16P0151
A16Q0103
A16W0121
A16A0081
A16A0081
A16Q0102
A16Q0101
A16C0092
A16F0129
A16P0144
A16P0143
A16O0116
A16A0078
A16A0077
A16W0120
A16W0119
A16P0141
A16O0115
A16O0114
A16C0091
A16C0090
A16Q0098
A16W0116
A16F0127
A16O0112
A16O0111
A16O0110
A16P0139
A16C0088
A16F0125
A16F0124
A16F0123
A16P0138
A16P0137
A16C0086
A16O0109
A16O0108
A16Q0096
A16Q0095
A16P0133
A16P0132
A16C0085
A16Q0093
A16Q0092
A16F0117
A16O0105
A16O0104
A16P0129
A16W0114
A16P0127
A16Q0091
A16Q0090
A16A0072
A16O0102
A16P0126
A16P0125
A16W0113
A16W0112
A16W0111
A16W0110
A16W0110
A16F0115
A16Q0089
A16W0109
A16F0114
A16A0069
A16O0100
A16P0124
A16A0068
A16P0123
A16W0107
A16W0106
A16Q0087
A16Q0086
A16Q0085
A16P0120
A16P0119
A16W0102
A16W0101
A16C0082
A16Q0083
A16Q0082
A16A0067
A16W0099
A16W0098
A16O0094
A16O0094
A16C0081
A16A0066
A16C0079
A16Q0081
A16P0117
A16Q0080
A16P0116
A16W0095
A16C0074
A16O0093
A16P0115
A16O0092
A16Q0079
A16Q0078
A16F0110
A16O0090
A16F0108
A16F0107
A16F0106
A16P0112
A16F0105
A16P0111
A16C0071
A16F0104
A16O0088
A16F0103
A16P0110
A16W0092
A16O0087
A16P0109
A16W0090
A16W0089
A16W0087
A16P0106
A16P0105
A16P0104
A16W0085
A16P0103
A16A0060
A16C0068
A16F0099
A16F0099
A16O0086
A16C0067
A16F0098
A16Q0075
A16C0066
A16C0065
A16A0059
A16O0083
A16F0096
A16W0080
A16F0094
A16W0076
A16P0096
A16Q0073
A16F0093
A16C0061
A16A0058
A16Q0072
A16A0057
A16Q0069
A16P0093
A16P0092
A16O0082
A16O0082
A16O0081
A16C0059
A16C0059
A16W0072
A16W0071
A16F0091
A16O0076
A16O0075
A16F0089
A16O0074
A16F0088
A16O0073
A16O0072
A16O0070
A16C0057
A16F0086
A16C0056
A16W0069
A16W0068
A16F0085
A16W0066
A16C0055
A16P0088
A16Q0060
A16A0055
A16C0053
A16P0085
A16C0052
A16P0084
A16P0083
A16P0082
A16F0082
A16W0063
A16P0081
A16O0068
A16P0080
A16Q0058
A16Q0057
A16W0062
A16Q0056
A16Q0055
A16Q0054
A16C0050
A16O0066
A16Q0052
A16Q0051
A16O0060
A16Q0050
A16A0053
A16P0078
A16P0078
A16W0059
A16W0059
A16C0048
A16A0051
A16O0058
A16W0057
A16F0080
A16O0057
A16A0050
A16W0053
A16W0052
A16C0047
A16A0049
A16F0078
A16A0048
A16P0074
A16Q0044
A16F0075
A16A0047
A16Q0043
A16W0048
A16O0055
A16C0043
A16O0053
A16O0052
A16P0066
A16Q0039
A16A0043
A16P0065
A16A0042
A16P0064
A16A0041
A16A0041
A16A0041
A16A0041
A16F0063
A16C0038
A16W0043
A16O0045
A16C0036
A16O0043
A16O0041
A16C0035
A16F0058
A16O0040
A16W0041
A16A0039
A16A0039
A16P0059
A16O0039
A16O0038
A16W0040
A16W0039
A16A0038
A16P0058
A16P0057
A16O0037
A16C0034
A16A0037
A16O0036
A16C0032
A16F0054
A16W0038
A16F0052
A16O0035
A16A0035
A16Q0036
A16Q0035
A16F0051
A16Q0034
A16O0034
A16Q0033
A16W0034
A16A0031
A16P0050
A16F0049
A16F0048
A16F0047
A16P0047
A16Q0029
A16Q0027
A16A0030
A16A0029
A16A0028
A16A0027
A16A0026
A16Q0026
A16O0032
A16O0031
A16P0043
A16Q0025
A16Q0024
A16C0026
A16W0031
A16A0023
A16F0040
A16W0030
A16O0030
A16O0029
A16O0028
A16F0038
A16P0042
A16W0029
A16C0024
A16F0036
A16F0035
A16W0028
A16O0027
A16F0034
A16W0027
A16O0026
A16Q0022
A16F0033
A16F0033
A16O0025
A16C0023
A16C0022
A16A0021
A16Q0021
A16A0020
A16A0019
A16O0024
A16Q0020
A16C0021
A16C0020
A16Q0019
A16P0039
A16P0036
A16Q0018
A16Q0017
A16Q0016
A16A0018
A16O0023
A16O0022
A16C0017
A16P0033
A16A0017
A16O0021
A16W0024
A16F0029
A16C0016
A16P0031
A16F0027
A16F0026
A16A0016
A16F0024
A16O0018
A16W0022
A16W0021
A16C0015
A15O0215
A16W0020
A15O0214
A16P0027
A16C0014
A16P0025
A16W0019
A16O0016
A16F0023
A16Q0013
A16O0015
A16O0014
A16F0021
A16W0016
A16P0020
A16Q0010
A16F0017
A16F0016
A16C0013
A16P0019
A16C0012
A16C0011
A16Q0009
A16Q0008
A16Q0007
A16O0013
A16Q0006
A16Q0005
A16A0015
A16W0013
A16P0017
A16W0012
A16W0011
A16A0014
A16O0011
A16C0009
A16A0011
A16A0010
A16W0009
A15Q0188
A16A0009
A16Q0004
A16F0013
A16C0008
A16C0007
A15Q0187
A16F0012
A16O0009
A15O0213
A16Q0003
A16Q0002
A16P0013
A16A0007
A16O0007
A16O0006
A16P0011
A16Q0001
A16A0006
A16A0005
A15F0168
A16A0004
A16P0009
A16W0007
A16A0003
A16P0008
A16P0007
A15O0212
A16P0004
A16O0002
A15O0211
A16W0005
A16O0001
A16F0006
A16A0001
A16F0005
A15W0184
A15O0210
A16W0004
A16W0003
A16W0002
A16W0001
A15W0183
A16C0002
A15O0209
A15Q0186
A16C0001
A15A0107
A15C0171
A15P0251
A15C0170
A15C0170
A15F0165
A15F0165
A16P0001
A15O0207
A15W0182
A15W0181
A15Q0185
A15Q0184
A15P0250
A15A0105
A15C0169
A15A0104
A15P0249
A15P0246
A15F0163
A15F0162
A15O0205
A15W0179
A15C0167
A15W0178
A15C0166
A15Q0182
A15C0165
A15A0103
A15Q0180
A15P0245
A15C0164
A15Q0179
A15F0158
A15O0203
A15F0157
A15P0244
A15P0243
A15Q0178
A15P0242
A15A0100
A15C0163
A15C0163
A15P0239
A15P0238
A15C0162
A15A0099
A15O0198
A15P0235
A15P0233
A15O0197
A15A0098
A15A0097
A15A0096
A15F0151
A15Q0176
A15Q0176
A15P0230
A15O0196
A15W0176
A15W0175
A15C0161
A15F0150
A15O0195
A15F0149
A15F0148
A15O0194
A15C0159
A15C0158
A15P0226
A15C0157
A15C0156
A15P0223
A15O0192
A15O0191
A15Q0174
A15P0222
A15A0095
A15P0221
A15Q0172
A15A0094
A15Q0170
A15W0173
A15W0172
A15P0218
A15W0171
A15Q0168
A15W0170
A15A0093
A15A0092
A15W0169
A15W0169
A15W0169
A15W0168
A15W0168
A15A0091
A15Q0167
A15C0153
A15P0215
A15W0167
A15W0167
A15C0151
A15C0150
A15O0187
A15O0186
A15P0214
A15O0184
A15F0140
A15P0212
A15P0211
A15W0164
A15W0163
A15C0149
A15A0090
A15P0209
A15C0148
A15F0138
A15A0089
A15F0137
A15W0162
A15O0183
A15A0088
A15P0208
A15F0135
A15A0087
A15P0207
A15Q0165
A15F0134
A15W0161
A15A0085
A15C0146
A15P0206
A15P0205
A15W0160
A15P0204
A15P0202
A15Q0163
A15A0084
A15C0145
A15W0156
A15P0200
A15A0083
A15P0199
A15P0198
A15W0155
A15Q0162
A15P0197
A15C0143
A15P0196
A15F0132
A15F0131
A15W0154
A15F0130
A15Q0160
A15A0081
A15A0080
A15A0079
A15P0195
A15F0129
A15C0141
A15F0125
A15Q0157
A15C0140
A15C0139
A15F0123
A15Q0154
A15O0177
A15W0151
A15H0003
A15H0003
A15P0193
A15O0175
A15A0077
A15A0076
A15F0119
A15Q0150
A15P0189
A15P0189
A15Q0148
A15A0075
A15O0169
A15Q0144
A15O0167
A15O0166
A15O0165
A15A0074
A15W0146
A15A0073
A15C0136
A15Q0140
A15Q0139
A15W0145
A15Q0138
A15W0144
A15C0135
A15O0164
A15W0143
A15C0134
A15W0142
A15P0187
A15P0187
A15O0158
A15F0112
A15W0140
A15W0140
A15A0069
A15C0131
A15W0138
A15F0109
A15O0156
A15W0137
A15W0136
A15W0135
A15Q0129
A15P0184
A15A0068
A15A0067
A15Q0128
A15A0066
A15A0065
A15O0154
A15O0152
A15Q0126
A15O0151
A15O0151
A15O0150
A15A0063
A15P0182
A15W0130
A15C0125
A15C0124
A15Q0125
A15O0147
A15A0062
A15C0123
A15A0061
A15A0060
A15A0059
A15C0122
A15P0178
A15C0121
A15O0146
A15F0101
A15C0119
A15Q0124
A15Q0123
A15P0174
A15F0100
A15O0144
A15O0142
A15A0057
A15C0118
A15F0099
A15Q0121
A15A0056
A15A0055
A15O0141
A15O0140
A15P0171
A15C0114
A15C0114
A15F0094
A15O0138
A15Q0118
A15O0135
A15P0166
A15C0113
A15O0131
A15C0112
A15W0125
A15A0054
A15A0054
A15A0054
A15A0054
A15F0091
A15W0124
A15W0124
A15O0130
A15P0165
A15A0053
A15O0129
A15A0052
A15O0128
A15C0110
A15O0127
A15Q0116
A15W0122
A15F0087
A15A0050
A15P0164
A15Q0114
A15W0120
A15W0118
A15A0047
A15W0117
A15A0046
A15P0163
A15O0120
A15C0103
A15C0103
A15O0119
A15Q0113
A15C0101
A15A0045
A15P0162
A15P0161
A15Q0111
A15A0044
A15P0157
A15C0100
A15O0116
A15W0113
A15O0115
A15W0112
A15Q0104
A15O0114
A15Q0103
A15Q0102
A15F0078
A15F0077
A15C0099
A15O0109
A15W0109
A15Q0099
A15Q0098
A15Q0097
A15Q0097
A15Q0097
A15C0098
A15W0108
A15O0105
A15P0152
A15W0107
A15P0151
A15C0097
A15W0104
A15A0041
A15O0103
A15O0102
A15A0039
A15O0100
A15O0098
A15A0038
A15P0148
A15P0146
A15P0145
A15C0094
A15P0144
A15P0143
A15Q0094
A15P0142
A15W0103
A15W0102
A15O0092
A15C0093
A15W0101
A15O0091
A15C0092
A15C0091
A15W0094
A15C0089
A15P0140
A15P0139
A15C0088
A15W0093
A15O0088
A15W0092
A15W0091
A15W0090
A15P0138
A15F0068
A15P0137
A15W0088
A15O0087
A15O0084
A15O0083
A15O0082
A15Q0091
A15O0079
A15O0078
A15Q0090
A15C0085
A15A0036
A15P0133
A15A0035
A15O0077
A15C0082
A15W0085
A15Q0087
A15Q0086
A15Q0086
A15W0083
A15W0083
A15C0079
A15Q0085
A15Q0084
A15Q0084
A15P0132
A15C0077
A15C0075
A15W0081
A15W0081
A15O0076
A15Q0078
A15C0073
A15C0073
A15O0075
A15F0062
A15O0074
A15P0127
A15C0072
A15Q0075
A15P0125
A15P0124
A15Q0074
A15Q0072
A15W0077
A15W0075
A15W0074
A15W0074
A15O0072
A15O0071
A15P0122
A15W0073
A15P0120
A15Q0071
A15Q0070
A15O0069
A15P0117
A15P0115
A15F0058
A15P0114
A15Q0069
A15C0069
A15C0066
A15C0065
A15P0113
A15P0112
A15P0110
A15W0066
A15Q0066
A15Q0065
A15F0056
A15A0028
A15C0064
A15O0068
A15C0063
A15C0063
A15P0107
A15Q0061
A15C0062
A15C0061
A15Q0060
A15P0104
A15P0103
A15P0102
A15Q0057
A15Q0056
A15A0026
A15C0059
A14A0105
A15A0024
A15P0097
A15W0062
A15P0096
A15P0095
A15Q0054
A15W0060
A15P0092
A15Q0053
A15Q0052
A15O0063
A15W0059
A15W0058
A15P0091
A15P0091
A15P0089
A15P0088
A15P0087
A15O0061
A15Q0049
A15P0086
A15W0055
A15F0049
A15W0054
A15Q0047
A15Q0047
A15Q0046
A15A0021
A15C0053
A15O0060
A15O0058
A15C0051
A15O0056
A15C0049
A15Q0045
A15A0018
A15W0052
A15O0051
A15O0050
A15O0049
A15O0047
A15P0081
A15W0051
A15P0079
A15F0047
A15F0047
A15O0040
A15F0046
A15P0075
A15W0050
A15Q0043
A15Q0042
A15O0038
A15P0072
A15A0017
A15W0049
A15C0044
A15P0071
A15W0048
A15W0047
A15O0036
A15O0035
A15O0034
A15O0033
A15C0043
A15Q0041
A15W0045
A15H0002
A15H0002
A15P0067
A15P0067
A15W0043
A15P0064
A15P0063
A15W0042
A15P0062
A15P0061
A15P0058
A15F0042
A15W0041
A15W0041
A15W0040
A15W0039
A15W0038
A15P0054
A15O0032
A15W0037
A15O0030
A15O0029
A15P0053
A15P0052
A15P0051
A15O0028
A15P0049
A15C0037
A15O0027
A15O0025
A15P0048
A15Q0038
A15Q0037
A15F0037
A15F0035
A15Q0036
A15W0032
A15F0033
A15C0035
A15Q0035
A15O0023
A15Q0034
A15O0022
A15O0022
A15W0031
A15W0030
A15O0021
A15W0028
A15W0028
A15O0020
A15O0019
A15O0019
A15A0013
A15C0032
A15F0031
A15O0017
A15W0027
A15A0012
A15C0029
A15Q0033
A15A0011
A15C0028
A15C0027
A15P0043
A15O0016
A15O0016
A15C0026
A15P0041
A15F0028
A15W0026
A15F0027
A15O0015
A15W0025
A15W0022
A15Q0031
A15O0014
A15O0012
A15A0010
A15Q0030
A15A0009
A15F0026
A15Q0029
A15A0007
A15O0011
A15P0040
A15F0023
A15F0023
A15C0024
A15C0023
A15P0038
A15P0035
A15F0021
A15Q0027
A15C0022
A15P0033
A15Q0026
A15P0032
A15O0010
A15P0030
A15W0019
A15Q0025
A15W0018
A15W0017
A15P0028
A15W0016
A15W0015
A15F0018
A15C0020
A15Q0024
A15P0026
A15C0018
A15P0024
A15P0024
A15P0023
A15C0016
A15Q0023
A15F0014
A15F0013
A15P0022
A15C0015
A15P0021
A15C0014
A15A0005
A15C0012
A15P0019
A15F0010
A15P0018
A15P0016
A15P0015
A15C0009
A15P0014
A15O0009
A15P0013
A15P0012
A15C0008
A15C0007
A15C0006
A15Q0022
A15Q0021
A15W0011
A15Q0020
A15Q0020
A15Q0019
A15P0011
A15O0008
A15P0010
A15Q0017
A15Q0017
A15Q0016
A15F0009
A15Q0015
A15O0006
A15Q0014
A15Q0010
A14P0221
A15P0009
A15W0008
A15Q0009
A15O0003
A15F0003
A15W0007
A15P0006
A15C0003
A15P0004
A15P0003
A14Q0191
A15C0002
A15Q0006
A15F0002
A15W0006
A15W0005
A15C0001
A15Q0005
A15Q0004
A15W0004
A15W0003
A15W0002
A15Q0003
A15P0001
A15Q0002
A15O0002
A15O0001
A15W0001
A14O0244
A15A0003
A14W0203
A14F0162
A14A0104
A15Q0001
A14A0103
A14Q0187
A14O0243
A14Q0186
A14O0242
A14O0240
A14O0239
A14O0238
A14C0184
A14C0183
A14C0182
A14C0181
A14O0236
A14F0159
A14C0180
A14C0179
A14O0235
A14P0219
A14W0201
A14Q0184
A14W0200
A14F0156
A14Q0183
A14W0199
A14Q0182
A14W0198
A14F0154
A14O0234
A14O0233
A14O0232
A14F0153
A14O0231
A14A0101
A14O0230
A14O0229
A14W0197
A14W0196
A14W0195
A14P0210
A14P0209
A14Q0181
A14F0148
A14W0194
A14Q0180
A14W0193
A14W0192
A14P0208
A14P0207
A14C0175
A14O0227
A14P0206
A14O0226
A14W0191
A14W0190
A14P0204
A14W0189
A14W0188
A14C0174
A14C0173
A14W0186
A14W0185
A14O0225
A14P0203
A14Q0179
A14A0099
A14Q0178
A14P0202
A14P0201
A14F0146
A14A0098
A14O0224
A14Q0175
A14P0200
A14C0172
A14P0199
A14F0145
A14W0181
A14W0181
A14W0181
A14W0181
A14W0181
A14W0181
A14A0097
A14Q0174
A14W0180
A14P0198
A14O0222
A14O0221
A14C0169
A14F0143
A14W0179
A14P0196
A14W0178
A14C0168
A14O0220
A14Q0172
A14O0218
A14Q0171
A14A0096
A14C0167
A14F0142
A14P0195
A14F0139
A14P0194
A14C0166
A14Q0169
A14P0192
A14O0216
A14A0094
A14O0214
A14O0213
A14C0165
A14P0190
A14W0177
A14P0188
A14P0187
A14O0212
A14C0164
A14A0093
A14C0163
A14P0186
A14A0092
A14A0091
A14Q0168
A14W0173
A14W0172
A14P0184
A14C0162
A14Q0167
A14A0090
A14P0183
A14W0170
A14P0182
A14W0169
A14W0168
A14W0167
A14P0181
A14P0180
A14F0134
A14O0208
A14O0206
A14P0179
A14A0089
A14O0203
A14P0177
A14C0159
A14C0158
A14O0201
A14P0176
A14P0175
A14O0199
A14O0198
A14O0197
A14O0196
A14F0133
A14W0164
A14Q0162
A14W0163
A14W0162
A14P0173
A14P0171
A14O0194
A14A0088
A14Q0160
A14O0191
A14Q0159
A14O0190
A14P0169
A14O0189
A14F0129
A14W0160
A14W0159
A14W0158
A14O0187
A14A0087
A14Q0157
A14Q0156
A14Q0155
A14C0153
A14C0152
A14Q0154
A14W0156
A14O0185
A14O0184
A14P0167
A14F0124
A14O0183
A14P0166
A14P0165
A14P0164
A14P0162
A14Q0151
A14Q0149
A14A0086
A14F0121
A14O0177
A14A0085
A14Q0148
A14P0160
A14P0159
A14F0120
A14A0084
A14A0083
A14W0155
A14P0157
A14P0156
A14F0119
A14O0175
A14Q0145
A14P0155
A14P0154
A14Q0144
A14O0174
A14C0146
A14C0145
A14Q0142
A14Q0141
A14A0082
A14Q0140
A14W0154
A14W0153
A14W0152
A14W0151
A14Q0139
A14F0117
A14C0144
A14F0115
A14C0142
A14P0152
A14F0113
A14O0169
A14O0168
A14W0148
A14O0166
A14Q0137
A14Q0136
A14W0147
A14W0146
A14P0149
A14Q0135
A14F0110
A14P0147
A14O0165
A14O0165
A14W0144
A14W0143
A14W0141
A14O0163
A14O0162
A14P0145
A14P0143
A14W0140
A14W0139
A14W0138
A14P0142
A14P0140
A14A0076
A14P0139
A14W0137
A14O0155
A14F0105
A14O0153
A14O0152
A14F0104
A14A0074
A14A0073
A14A0071
A14P0134
A14O0147
A14C0131
A14O0146
A14C0130
A14W0134
A14F0101
A14Q0130
A14A0070
A14A0069
A14A0068
A14Q0128
A14Q0127
A14Q0126
A14A0067
A14C0122
A14P0130
A14W0130
A14O0142
A14W0129
A14W0127
A14W0127
A14O0141
A14C0117
A14O0140
A14O0139
A14P0128
A14P0127
A14Q0121
A14P0126
A14Q0119
A14Q0118
A14W0125
A14F0098
A14O0136
A14O0135
A14C0115
A14C0114
A14A0065
A14P0123
A14P0122
A14P0121
A14P0120
A14C0113
A14C0112
A14Q0114
A14W0121
A14W0120
A14W0119
A14Q0113
A14W0118
A14W0117
A14Q0111
A14A0064
A14C0110
A14C0109
A14O0132
A14P0114
A14P0113
A14W0115
A14P0112
A14O0129
A14C0107
A14F0095
A14O0128
A14P0110
A14C0106
A14W0113
A14P0109
A14W0111
A14C0104
A14Q0102
A14W0110
A14P0108
A14P0107
A14C0102
A14O0126
A14P0106
A14A0061
A14O0125
A14W0109
A14Q0097
A14W0108
A14O0122
A14F0090
A14Q0094
A14W0107
A14C0098
A14F0088
A14O0121
A14O0120
A14O0119
A14Q0093
A14W0105
A14C0096
A14Q0092
A14A0060
A14O0116
A14O0115
A14Q0091
A14C0095
A14C0092
A14O0113
A14Q0090
A14O0112
A14O0111
A14O0110
A14W0103
A14C0090
A14W0102
A14Q0088
A14A0059
A14W0100
A14O0107
A14W0099
A14C0088
A14P0098
A14C0087
A14P0097
A14O0106
A14A0056
A14A0055
A14P0096
A14O0104
A14O0103
A14P0095
A14W0096
A14C0084
A14O0102
A14Q0080
A14O0099
A14W0092
A14O0098
A14C0081
A14A0053
A14A0052
A14O0096
A14P0091
A14O0095
A14Q0076
A14O0093
A13W0201
A14A0051
A14P0088
A14P0087
A14H0002
A14W0087
A14Q0074
A14F0078
A14W0086
A14W0085
A14W0084
A14O0087
A14O0084
A14F0076
A14A0048
A14C0077
A14C0075
A14A0047
A14C0073
A14C0072
A14Q0066
A14Q0065
A14O0081
A14O0080
A14W0080
A14W0079
A14A0046
A14W0078
A14A0045
A14F0074
A14P0081
A14W0077
A14C0069
A14P0079
A14O0076
A14O0075
A14W0074
A14W0073
A14A0044
A14W0072
A14O0074
A14P0073
A14W0071
A14A0042
A14P0072
A14P0071
A14F0066
A14F0065
A14F0064
A14Q0058
A14A0040
A14O0066
A14P0070
A14W0067
A14P0067
A14W0066
A14P0065
A14W0065
A14F0057
A14C0063
A14P0062
A14A0039
A14F0055
A14Q0053
A14A0037
A14O0061
A14A0036
A14Q0051
A14P0061
A14P0060
A14Q0050
A14P0059
A14O0060
A14O0059
A14P0058
A14P0057
A14P0056
A14P0055
A14W0059
A14C0061
A14O0054
A14A0034
A14O0053
A14O0052
A14F0052
A14F0051
A14Q0046
A14A0033
A14O0051
A14C0059
A14P0053
A14W0058
A14C0057
A14W0057
A14O0049
A14Q0045
A14A0031
A14Q0044
A14O0048
A14W0056
A14F0049
A14W0055
A14W0053
A14F0048
A14O0047
A14C0056
A14Q0041
A14P0049
A14O0046
A14Q0038
A14P0045
A14C0055
A14Q0037
A14P0044
A14P0043
A14P0042
A14W0049
A14O0043
A14P0041
A14P0040
A14W0048
A14A0028
A14C0052
A14W0047
A14P0039
A14C0051
A14W0046
A14C0050
A14Q0033
A14Q0032
A14P0037
A14P0036
A14W0044
A14O0042
A14A0027
A14Q0029
A14W0043
A14W0042
A14W0041
A14W0040
A14C0048
A14C0046
A14O0040
A14O0039
A14W0039
A14O0038
A14P0034
A14Q0028
A14A0023
A14F0040
A14C0044
A14A0022
A14P0033
A14W0038
A14F0039
A14O0037
A14Q0027
A14Q0026
A14A0020
A14O0033
A14O0032
A14O0031
A14F0037
A14F0036
A14F0034
A14A0018
A14O0030
A14C0042
A14C0041
A14C0039
A14P0029
A14Q0023
A14W0034
A14F0032
A14C0038
A14C0037
A14A0017
A14P0028
A14W0032
A14W0031
A14C0035
A14O0025
A14W0030
A14W0029
A14Q0022
A14P0026
A14F0030
A14C0034
A14C0033
A14W0028
A14W0027
A14Q0020
A14W0026
A14P0024
A14C0031
A14O0024
A14O0023
A14O0022
A14P0021
A14P0020
A14W0023
A14O0021
A14P0018
A14Q0019
A14F0025
A14A0011
A14W0022
A14W0020
A14W0019
A14Q0018
A14O0020
A14C0029
A14W0018
A14W0017
A14W0016
A14P0015
A14P0014
A14O0019
A14C0027
A14A0009
A14Q0017
A14P0013
A14P0012
A14W0015
A14C0026
A14P0011
A14Q0016
A14W0014
A14Q0015
A14Q0013
A14F0019
A14F0017
A14A0008
A14O0016
A14O0015
A14C0022
A14Q0012
A14O0014
A14O0013
A14O0012
A14W0012
A14C0021
A14A0006
A14A0005
A14F0012
A14O0011
A14O0010
A14W0010
A14O0008
A14C0017
A14Q0010
A14C0016
A14C0015
A14O0007
A14W0009
A14W0008
A14W0007
A14Q0009
A14O0006
A14P0009
A14Q0008
A14C0013
A14Q0007
A14P0008
A14P0007
A14P0006
A14P0005
A14Q0005
A14O0004
A14C0010
A14C0009
A14F0007
A14F0006
A14C0008
A14Q0003
A14C0007
A14A0003
A14A0002
A14F0003
A14C0005
A14W0004
A14W0003
A14Q0002
A13W0200
A14C0004
A14C0003
A14C0002
A13F0160
A13C0184
A13O0239
A14Q0001
A14A0001
A14C0001
A14O0002
A13O0238
A14O0001
A13W0199
A13W0198
A13W0197
A13Q0213
A13A0132
A13Q0212
A13A0130
A13O0236
A13O0235
A13C0183
A13O0233
A13O0232
A13Q0211
A13Q0210
A13C0181
A13A0129
A13Q0209
A13W0195
A13P0309
A13P0308
A13O0231
A13Q0208
A13O0230
A13O0228
A13C0180
A13P0307
A13C0176
A13W0192
A13W0191
A13W0190
A13W0189
A13P0306
A13C0174
A13A0127
A13C0173
A13F0155
A13Q0207
A13Q0206
A13P0304
A13W0186
A13W0185
A13W0184
A13W0183
A13P0303
A13W0182
A13A0125
A13P0301
A13Q0205
A13P0299
A13W0181
A13H0003
A13O0224
A13Q0203
A13C0168
A13Q0202
A13A0123
A13A0122
A13A0121
A13W0180
A13O0221
A13W0179
A13O0220
A13Q0201
A13F0149
A13C0167
A13C0166
A13P0294
A13Q0199
A13W0178
A13F0148
A13C0165
A13W0176
A13Q0198
A13O0219
A13A0120
A13W0175
A13C0163
A13C0160
A13C0158
A13Q0196
A13W0172
A13C0157
A13O0216
A13Q0195
A13C0156
A13C0155
A13W0171
A13A0117
A13O0215
A13Q0192
A13P0289
A13W0169
A13C0150
A13F0138
A13W0167
A13W0166
A13O0211
A13O0210
A13Q0191
A13O0209
A13Q0190
A13W0165
A13Q0188
A13W0164
A13Q0187
A13C0149
A13P0287
A13P0286
A13Q0186
A13C0148
A13P0283
A13Q0185
A13Q0184
A13C0147
A13F0137
A13C0145
A13C0144
A13A0114
A13O0208
A13P0282
A13P0280
A13Q0183
A13A0112
A13P0279
A13F0135
A13P0278
A13O0206
A13P0276
A13O0203
A13O0202
A13Q0181
A13O0200
A13O0197
A13C0142
A13W0161
A13P0273
A13A0111
A13F0125
A13O0196
A13P0271
A13W0160
A13Q0179
A13Q0178
A13C0141
A13A0110
A13C0140
A13F0122
A13W0158
A13W0157
A13W0155
A13Q0177
A13W0153
A13A0108
A13F0118
A13P0267
A13O0193
A13P0265
A13Q0175
A13P0262
A13C0137
A13O0192
A13O0191
A13W0150
A13W0149
A13C0135
A13O0189
A13Q0174
A13Q0172
A13Q0171
A13P0254
A13O0187
A13O0186
A13W0147
A13O0185
A13F0112
A13W0144
A13O0183
A13C0128
A13O0182
A13A0106
A13Q0166
A13C0125
A13Q0165
A13Q0163
A13Q0162
A13P0237
A13W0140
A13W0139
A13C0122
A13Q0161
A13Q0160
A13O0178
A13O0177
A13O0176
A13Q0158
A13F0106
A13W0136
A13O0174
A13O0173
A13F0104
A13P0226
A13P0225
A13O0172
A13A0105
A13W0135
A13P0223
A13W0134
A13C0115
A13C0114
A13O0171
A13F0103
A13O0170
A13P0215
A13P0212
A13W0131
A13P0210
A13P0208
A13Q0155
A13Q0154
A13O0163
A13P0203
A13P0201
A13P0194
A13P0193
A13Q0153
A13P0186
A13P0182
A13C0109
A13W0128
A13O0161
A13C0108
A13O0159
A13W0127
A13Q0152
A13A0102
A13W0126
A13W0124
A13W0122
A13O0158
A13C0105
A13A0101
A13O0157
A13W0121
A13F0097
A13A0100
A13F0096
A13A0098
A13W0120
A13F0095
A13C0103
A13O0154
A13P0166
A13P0166
A13C0101
A13A0096
A13W0118
A13C0095
A13A0094
A13O0153
A13C0094
A13A0093
A13O0152
A13C0092
A13Q0143
A13A0091
A13O0149
A13C0091
A13O0148
A13P0164
A13W0115
A13Q0142
A13Q0140
A13Q0139
A13Q0138
A13Q0137
A13A0090
A13O0146
A13W0113
A13C0089
A13O0144
A13O0143
A13P0162
A13Q0134
A13W0111
A13W0110
A13W0109
A13W0108
A13W0107
A13C0087
A13Q0131
A13W0106
A13W0105
A13W0104
A13O0141
A13P0153
A13P0152
A13O0139
A13F0083
A13A0089
A13Q0127
A13Q0126
A13C0085
A13P0149
A13P0148
A13W0100
A13F0082
A13F0081
A13Q0125
A13A0085
A13C0084
A13Q0123
A13W0099
A13C0082
A13A0083
A13A0082
A13P0145
A13P0140
A13Q0119
A13Q0117
A13A0080
A13O0133
A13W0096
A13A0079
A13O0132
A13O0131
A13O0130
A13O0129
A13Q0114
A13P0133
A13W0092
A13A0074
A13A0073
A13P0131
A13C0078
A13C0077
A13C0074
A13P0130
A13O0123
A13C0073
A13F0074
A13A0071
A13A0069
A13C0072
A13C0071
A13O0120
A13Q0110
A13Q0109
A13Q0108
A13O0117
A13W0088
A13P0123
A13A0067
A13A0066
A13P0122
A13F0071
A13C0069
A13O0114
A13O0113
A13O0112
A13P0120
A13W0084
A13F0068
A13Q0103
A13F0067
A13C0066
A13O0111
A13A0064
A13W0080
A13Q0100
A13Q0099
A13W0078
A13P0112
A13W0076
A13P0109
A13P0107
A13O0110
A13P0103
A13Q0098
A13Q0098
A13P0102
A13P0101
A13Q0097
A13P0100
A13Q0096
A13Q0095
A13W0074
A13P0095
A13F0060
A13A0058
A13O0104
A13O0103
A13P0090
A13W0072
A13W0071
A13O0101
A13W0070
A13P0087
A13O0098
A13Q0088
A13Q0087
A13C0056
A13W0064
A13W0063
A13O0097
A13F0058
A13P0085
A13F0057
A13P0083
A13P0082
A13Q0085
A13C0055
A13O0093
A13O0092
A13O0090
A13W0062
A13A0055
A13P0081
A13Q0084
A13A0054
A13W0061
A13O0089
A13O0088
A13P0079
A13C0052
A13C0051
A13O0087
A13O0086
A13O0085
A13C0049
A13C0048
A13A0050
A13O0083
A13O0082
A13C0047
A13W0058
A13Q0083
A13C0046
A13W0057
A13A0048
A13Q0079
A13Q0078
A13C0043
A13A0046
A13Q0074
A13A0045
A13C0041
A13Q0072
A13Q0071
A13O0078
A13P0072
A13Q0070
A13W0055
A13C0040
A13Q0068
A13O0076
A13O0076
A13W0054
A13O0074
A13W0052
A13Q0067
A13W0051
A13O0073
A13C0038
A13O0072
A13O0071
A13P0064
A13O0070
A13O0069
A13O0068
A13P0063
A13Q0066
A13Q0065
A13O0065
A13W0047
A13W0046
A13W0045
A13C0037
A13O0064
A13P0061
A13F0047
A13O0061
A13O0060
A13Q0063
A13Q0062
A13Q0059
A13Q0058
A13W0042
A13Q0057
A13P0057
A13W0041
A13O0059
A13Q0056
A13O0058
A13Q0055
A13A0041
A13A0040
A13C0034
A13O0057
A13O0056
A13P0053
A13P0052
A13P0050
A13C0032
A13Q0054
A13C0031
A13O0055
A13A0038
A13W0038
A13Q0051
A13P0047
A13W0036
A13C0029
A13Q0049
A13A0033
A13P0042
A13O0052
A13Q0046
A13Q0045
A13F0039
A13W0034
A13W0033
A13Q0043
A13O0049
A13Q0042
A13F0038
A13P0036
A13P0034
A13W0032
A13W0031
A13A0031
A13O0048
A13O0047
A13O0046
A13C0027
A13A0029
A13A0027
A13P0032
A13P0031
A13P0030
A13P0028
A13C0026
A13W0030
A13A0026
A13Q0040
A13C0025
A13F0036
A13P0027
A13W0028
A13O0045
A13O0045
A13O0043
A13O0042
A13P0026
A13O0041
A13W0027
A13O0040
A13O0039
A13W0024
A13C0024
A13O0038
A13O0037
A13W0023
A13O0036
A13Q0037
A13F0033
A13A0021
A13P0023
A13C0023
A13A0019
A13O0034
A13A0018
A13W0022
A13O0033
A13O0031
A13C0021
A13C0020
A13C0019
A13W0021
A13Q0035
A13Q0034
A13W0020
A13C0016
A13O0029
A13P0020
A13W0019
A13A0016
A13O0028
A13Q0031
A13O0027
A13Q0030
A13A0015
A13Q0029
A13O0026
A13P0015
A13O0025
A13W0017
A13P0014
A13W0016
A13Q0027
A13Q0026
A13Q0025
A13C0013
A13O0021
A13Q0023
A13O0019
A13Q0022
A13O0018
A13O0017
A13W0014
A13O0016
A13P0011
A13A0011
A13C0011
A13C0010
A13F0016
A13W0013
A13P0009
A13W0012
A13P0007
A13F0014
A13P0006
A13P0005
A13C0009
A13W0010
A13W0008
A13Q0019
A13P0004
A13O0014
A13O0012
A13C0006
A13O0011
A13O0010
A13Q0018
A13Q0017
A13Q0016
A13Q0015
A13W0005
A13Q0014
A13O0009
A13W0004
A13Q0013
A13A0007
A13Q0012
A13F0010
A13A0005
A13F0009
A13F0008
A13W0003
A13Q0011
A13O0007
A12P0198
A12P0197
A12C0152
A12W0173
A12P0196
A12A0114
A12A0113
A12W0172
A12C0151
A12W0171
A12Q0193
A12C0149
A12W0169
A12W0168
A12A0111
A12W0166
A12O0194
A12A0110
A12W0165
A12F0140
A12O0193
A12O0192
A12W0163
A12O0191
A12O0190
A12W0162
A12W0161
A12W0160
A12P0190
A12P0189
A12Q0191
A12O0188
A12P0188
A12A0109
A12F0138
A12O0186
A12O0185
A12O0184
A12F0135
A12O0183
A12Q0190
A12W0157
A12W0156
A12A0108
A12A0107
A12A0106
A12A0105
A12W0155
A12O0181
A12P0185
A12Q0187
A12O0180
A12O0179
A12A0104
A12W0152
A12C0146
A12W0151
A12A0103
A12O0175
A12P0181
A12P0180
A12C0142
A12W0149
A12Q0185
A12Q0184
A12W0148
A12P0178
A12W0147
A12W0146
A12O0174
A12F0126
A12F0125
A12W0145
A12O0173
A12W0144
A12O0172
A12O0171
A12P0173
A12Q0180
A12Q0179
A12W0143
A12A0101
A12W0142
A12C0137
A12P0172
A12W0141
A12A0100
A12P0171
A12P0170
A12P0169
A12O0166
A12O0165
A12O0163
A12O0161
A12O0159
A12Q0177
A12P0166
A12O0158
A12C0136
A12P0165
A12W0140
A12F0120
A12P0164
A12F0119
A12F0118
A12P0163
A12Q0175
A12W0139
A12P0162
A12W0137
A12O0156
A12A0094
A12W0135
A12Q0173
A12O0154
A12O0153
A12Q0172
A12P0159
A12P0157
A12F0114
A12W0129
A12C0134
A12C0133
A12C0132
A12C0131
A12F0112
A12W0127
A12Q0169
A12F0111
A12W0125
A12Q0165
A12C0128
A12W0124
A12Q0163
A12Q0162
A12P0153
A12Q0161
A12P0151
A12F0106
A12C0125
A12Q0158
A12P0150
A12O0147
A12O0146
A12O0145
A12O0143
A12O0142
A12Q0155
A12A0093
A12C0123
A12P0143
A12A0091
A12Q0152
A12C0122
A12Q0151
A12Q0150
A12Q0149
A12Q0148
A12A0089
A12O0139
A12C0119
A12O0137
A12C0118
A12O0136
A12O0135
A12Q0145
A12W0120
A12W0119
A12O0134
A12O0133
A12W0118
A12O0132
A12P0138
A12C0115
A12C0113
A12Q0143
A12W0115
A12W0114
A12W0113
A12Q0142
A12Q0141
A12C0111
A12A0087
A12W0112
A12O0130
A12O0129
A12O0128
A12O0127
A12O0126
A12A0084
A12A0083
A12A0082
A12A0082
A12Q0138
A12P0134
A12P0133
A12P0132
A12W0107
A12O0124
A12W0105
A12W0104
A12P0125
A12P0123
A12O0123
A12O0122
A12W0101
A12F0098
A12Q0133
A12F0097
A12P0118
A12P0117
A12C0101
A12O0120
A12O0119
A12F0095
A12A0079
A12O0117
A12P0115
A12C0098
A12P0114
A12P0113
A12C0097
A12W0098
A12Q0127
A12W0097
A12F0094
A12A0077
A12A0076
A12C0096
A12C0095
A12P0110
A12P0109
A12P0108
A12W0092
A12C0094
A12F0088
A12C0092
A12P0107
A12W0091
A12Q0121
A12C0091
A12Q0118
A12C0090
A12A0075
A12A0074
A12P0101
A12O0110
A12P0100
A12W0089
A12P0099
A12O0109
A12Q0116
A12W0088
A12O0108
A12O0107
A12F0082
A12C0088
A12Q0112
A12Q0111
A12P0095
A12A0070
A12O0103
A12O0102
A12O0100
A12W0087
A12O0098
A12Q0107
A12O0097
A12O0096
A12F0080
A12A0067
A12A0066
A12O0095
A12O0094
A12O0092
A12F0078
A12Q0104
A12W0083
A12A0065
A12P0090
A12O0088
A12C0077
A12O0086
A12O0085
A12P0087
A12P0086
A12C0075
A12C0074
A12Q0099
A12Q0098
A12P0084
A12A0064
A12C0068
A12Q0097
A12Q0095
A12C0065
A12A0063
A12W0076
A12W0075
A12W0074
A12Q0089
A12O0080
A12P0080
A12Q0087
A12W0073
A12A0062
A12A0061
A12W0072
A12W0071
A12O0078
A12O0077
A12A0059
A12C0060
A12O0076
A12O0075
A12P0078
A12A0058
A12A0057
A12C0059
A12O0074
A12Q0083
A12O0071
A12O0071
A12P0076
A12C0056
A12O0070
A12W0067
A12W0066
A12W0065
A12F0067
A12W0064
A12O0068
A12W0063
A12Q0077
A12P0072
A12W0059
A12P0071
A12A0054
A12W0057
A12O0065
A12W0056
A12Q0071
A12Q0069
A12O0062
A12Q0068
A12F0060
A12O0061
A12P0069
A12W0055
A12W0054
A12A0049
A12A0048
A12F0059
A12Q0067
A12Q0066
A12O0060
A12O0059
A12W0050
A12W0049
A12A0047
A12W0048
A12O0058
A12O0057
A12O0056
A12O0055
A12W0047
A12W0045
A12W0044
A12W0043
A12Q0061
A12P0064
A12A0046
A12P0062
A12P0061
A12P0060
A12Q0060
A12P0058
A12A0044
A12P0057
A12C0041
A12C0040
A12C0039
A12F0048
A12O0054
A12P0056
A12Q0059
A12Q0058
A12Q0057
A12F0047
A12Q0056
A12O0051
A12Q0054
A12W0042
A12O0050
A12O0049
A12Q0052
A12W0041
A12F0043
A12C0034
A12C0033
A12A0039
A12O0047
A12O0046
A12O0045
A12W0038
A12O0043
A12O0042
A12F0041
A12Q0051
A12P0048
A12A0037
A12O0041
A12W0035
A12F0035
A12F0034
A12A0034
A12A0033
A12P0047
A12P0046
A12W0030
A12Q0049
A12O0038
A12Q0047
A12Q0046
A12Q0045
A12O0036
A12W0029
A12A0030
A12O0035
A12W0028
A12Q0042
A12Q0041
A12W0027
A12C0028
A12W0026
A12W0024
A12P0034
A12P0034
A12P0034
A12Q0036
A12O0033
A12A0027
A12W0023
A12O0031
A12Q0034
A12Q0033
A12O0030
A12Q0032
A12O0029
A12W0021
A12P0030
A12P0028
A12W0020
A12O0028
A12O0027
A12O0026
A12C0022
A12O0025
A12O0024
A12W0018
A12C0020
A12O0023
A12Q0030
A12C0018
A12W0016
A12P0027
A12P0026
A12W0015
A12O0021
A12Q0028
A12A0020
A12Q0027
A12F0017
A12C0017
A12O0020
A12F0014
A12A0019
A11O0251
A12P0023
A11O0250
A12O0019
A12O0018
A12O0017
A12P0021
A12O0016
A12O0015
A12Q0024
A12W0013
A12Q0023
A12W0012
A12F0011
A12A0016
A12P0018
A12P0018
A12C0015
A12A0015
A12P0017
A12Q0020
A12Q0019
A12O0014
A12O0013
A12C0014
A12C0013
A12O0012
A12P0015
A12W0011
A12Q0015
A12F0009
A12O0011
A12O0010
A12O0009
A12C0009
A12Q0013
A12A0008
A12Q0012
A12F0007
A12Q0010
A12Q0009
A12P0009
A12O0008
A12O0007
A12W0010
A12O0006
A12W0008
A12W0007
A12A0007
A12P0006
A12Q0006
A12F0005
A12C0007
A12C0006
A11F0219
A11O0249
A12P0004
A12O0003
A12P0003
A12P0002
A12W0006
A12O0002
A12F0004
A12O0001
A12C0005
A12C0005
A12C0005
A12Q0005
A12W0004
A12A0004
A11O0247
A11W0195
A12C0004
A12F0002
A11O0246
A12P0001
A11F0218
A12A0002
A12A0001
A12W0001
A12Q0001
A12F0001
A11A0108
A11W0194
A11W0193
A11C0185
A11Q0235
A11W0192
A11P0172
A11P0170
A11Q0233
A11P0169
A11W0191
A11Q0232
A11O0244
A11O0243
A11O0241
A11P0168
A11W0190
A11A0101
A11Q0231
A11A0100
A11W0189
A11W0188
A11F0211
A11O0238
A11O0237
A11O0236
A11Q0230
A11O0235
A11Q0229
A11Q0228
A11A0095
A11W0187
A11P0165
A11Q0226
A11W0185
A11C0181
A11Q0222
A11Q0221
A11C0180
A11O0231
A11O0230
A11W0183
A11W0182
A11O0229
A11O0228
A11O0227
A11W0181
A11F0207
A11A0092
A11O0225
A11W0180
A11W0179
A11O0223
A11P0155
A11Q0217
A11Q0216
A11A0090
A11W0177
A11O0220
A11O0219
A11Q0214
A11A0089
A11A0088
A11C0175
A11O0218
A11O0217
A11O0216
A11Q0213
A11W0176
A11O0214
A11A0087
A11O0213
A11C0174
A11W0173
A11W0172
A11Q0211
A11Q0210
A11Q0209
A11Q0208
A11C0173
A11C0173
A11A0085
A11P0153
A11W0171
A11W0170
A11A0084
A11P0151
A11W0169
A11W0167
A11A0083
A11O0212
A11A0082
A11Q0207
A11Q0206
A11O0210
A11F0196
A11O0207
A11O0206
A11C0170
A11F0195
A11Q0205
A11O0204
A11W0164
A11A0079
A11Q0203
A11Q0201
A11Q0200
A11O0202
A11O0201
A11W0162
A11P0149
A11W0159
A11Q0198
A11W0158
A11Q0197
A11O0199
A11W0157
A11Q0196
A11W0156
A11Q0195
A11C0166
A11Q0193
A11Q0191
A11A0075
A11C0163
A11C0162
A11P0147
A11A0073
A11A0073
A11O0198
A11C0161
A11W0154
A11O0197
A11P0146
A11P0145
A11P0144
A11O0196
A11O0194
A11O0193
A11A0071
A11O0192
A11O0191
A11Q0187
A11P0143
A11W0151
A11W0150
A11O0189
A11O0188
A11A0069
A11Q0185
A11P0140
A11O0186
A11O0185
A11Q0181
A11Q0180
A11W0146
A11A0066
A11Q0179
A11W0144
A11Q0178
A11A0064
A11W0143
A11O0182
A11A0063
A11C0154
A11A0062
A11O0181
A11W0141
A11W0140
A11W0139
A11O0180
A11O0176
A11O0174
A11F0172
A11W0138
A11O0171
A11W0137
A11O0170
A11A0060
A11F0169
A11W0136
A11O0169
A11O0168
A11W0135
A11W0133
A11P0135
A11O0166
A11Q0175
A11A0059
A11W0132
A11Q0174
A11A0058
A11W0131
A11Q0172
A11F0160
A11Q0171
A11H0003
A11H0003
A11C0148
A11A0057
A11W0128
A11A0056
A11P0132
A11Q0170
A11A0055
A11P0130
A11C0143
A11W0127
A11O0164
A11W0126
A11Q0166
A11Q0165
A11O0161
A11W0125
A11C0140
A11Q0163
A11A0052
A11A0051
A11C0138
A11W0124
A11F0154
A11O0160
A11Q0162
A11H0002
A11A0050
A11P0125
A11W0123
A11C0133
A11Q0160
A11Q0159
A11Q0158
A11Q0156
A11Q0155
A11Q0154
A11O0156
A11A0047
A11Q0152
A11F0151
A11W0120
A11F0150
A11O0154
A11O0153
A11O0152
A11P0121
A11O0150
A11O0149
A11O0148
A11A0045
A11P0120
A11P0119
A11A0044
A11F0147
A11C0129
A11O0147
A11C0128
A11Q0148
A11O0146
A11O0145
A11O0144
A11A0043
A11F0145
A11O0143
A11O0142
A11O0139
A11O0138
A11Q0146
A11O0137
A11O0136
A11O0135
A11O0134
A11A0042
A11O0132
A11W0113
A11W0112
A11C0124
A11P0115
A11O0129
A11A0040
A11W0111
A11H0001
A11A0038
A11O0127
A11W0109
A11O0126
A11C0121
A11Q0141
A11P0112
A11C0120
A11Q0140
A11W0108
A11O0125
A11F0143
A11P0111
A11A0037
A11C0118
A11W0106
A11W0105
A11C0117
A11C0116
A11F0141
A11O0122
A11Q0134
A11C0113
A11Q0133
A11W0104
A11A0035
A11A0034
A11O0119
A11W0102
A11O0118
A11P0107
A11Q0129
A11Q0128
A11O0115
A11C0108
A11O0114
A11O0113
A11W0098
A11W0097
A11A0031
A11W0096
A11O0111
A11O0110
A11Q0124
A11O0109
A11O0108
A11C0102
A11Q0121
A11O0106
A11C0100
A11Q0119
A11P0104
A11Q0118
A11C0099
A11O0105
A11A0030
A11Q0117
A11O0104
A11O0103
A11F0132
A11P0103
A11Q0116
A11Q0115
A11O0101
A11W0093
A11A0029
A11W0091
A11W0090
A11A0027
A11Q0113
A11O0098
A11F0122
A11Q0112
A11W0088
A11A0026
A11W0087
A11F0119
A11W0086
A11W0085
A11W0084
A11A0025
A11F0117
A11C0091
A11F0116
A11O0091
A11O0090
A11O0089
A11O0087
A11O0086
A11A0024
A11Q0109
A11O0084
A11F0114
A11C0087
A11O0082
A11P0096
A11P0095
A11C0085
A11Q0105
A11Q0104
A11O0079
A11A0023
A11A0022
A11A0021
A11W0079
A11O0077
A11F0106
A11C0080
A11A0020
A11C0079
A11O0076
A11O0075
A11W0072
A11O0074
A11W0069
A11Q0097
A11O0073
A11O0072
A11Q0096
A11O0071
A11O0069
A11P0085
A11P0084
A11O0068
A11Q0095
A11W0067
A11F0094
A11Q0091
A11C0074
A11P0083
A11F0091
A11A0017
A11A0016
A11W0064
A11O0065
A11P0082
A11C0071
A11C0070
A11F0088
A11F0087
A11F0085
A11O0061
A11O0060
A11O0059
A11Q0087
A11Q0086
A11O0058
A11O0056
A11A0015
A11P0080
A11Q0084
A11C0069
A11O0055
A11Q0083
A11W0063
A11Q0080
A11W0062
A11W0061
A11W0060
A11F0083
A11W0059
A11C0063
A11F0082
A11Q0078
A11Q0077
A11C0062
A11O0051
A11F0081
A11F0080
A11O0050
A11O0049
A11C0059
A11O0047
A11C0058
A11P0075
A11P0073
A11Q0073
A11Q0072
A11P0072
A11O0046
A11O0045
A11O0044
A11P0071
A11F0079
A11P0070
A11P0069
A11P0068
A11W0057
A11O0043
A11F0077
A11Q0070
A11O0042
A11P0066
A11Q0069
A11P0064
A11Q0068
A11W0056
A11Q0065
A11A0013
A11F0072
A11C0052
A11O0041
A11C0051
A11O0040
A11W0049
A11O0038
A11O0037
A11O0036
A11Q0064
A11O0035
A11W0048
A11W0048
A11W0048
A11W0047
A11Q0063
A11W0046
A11P0059
A11A0012
A11A0011
A11C0045
A11A0010
A11F0062
A11O0033
A11F0060
A11W0044
A11P0058
A11F0058
A11P0057
A11Q0058
A11F0057
A11O0032
A11P0055
A11W0042
A11W0040
A11P0053
A11Q0056
A11W0039
A11F0048
A11Q0055
A11W0038
A11O0031
A11Q0053
A11F0050
A11P0051
A11P0049
A11W0037
A11P0048
A11A0008
A11Q0052
A11W0036
A11F0042
A11O0029
A11W0035
A11C0039
A11P0047
A11P0046
A11Q0047
A11O0028
A11W0034
A11C0038
A11A0007
A11C0037
A11Q0046
A11Q0045
A11O0027
A11W0033
A11Q0043
A11C0035
A11W0032
A11Q0042
A11Q0040
A11O0026
A11Q0038
A11W0030
A11W0029
A11W0028
A11O0025
A11O0024
A11Q0035
A11P0039
A11O0022
A11Q0034
A11A0006
A11P0032
A11P0029
A11W0025
A11C0025
A11C0022
A11O0020
A11O0019
A11O0018
A11F0028
A11C0021
A11C0020
A11C0020
A11C0020
A11Q0031
A11Q0030
A11O0017
A11W0022
A11Q0029
A11Q0028
A11C0018
A11C0017
A11W0021
A11C0016
A11A0004
A11C0015
A11F0024
A11F0023
A11W0020
A11W0019
A11A0003
A11Q0026
A11Q0025
A11O0015
A11Q0023
A11O0014
A11O0013
A11O0012
A11A0002
A11Q0022
A11W0017
A11F0020
A11W0015
A11O0010
A11P0023
A11P0018
A11Q0019
A11Q0018
A11Q0017
A11Q0016
A11Q0015
A11C0012
A11C0011
A11W0014
A11W0013
A11P0016
A11Q0013
A11O0006
A11P0014
A11Q0011
A11O0004
A11W0012
A11F0014
A11Q0009
A11Q0008
A11Q0007
A11P0012
A11W0010
A11Q0006
A11C0008
A11C0007
A10O0262
A11W0008
A11C0006
A11F0012
A10F0211
A10F0210
A10O0261
A10F0209
A11C0005
A11F0006
A10C0228
A11W0007
A11W0006
A11P0008
A10F0208
A11P0007
A11C0004
A11F0004
A11F0003
A11O0003
A11P0006
A11Q0004
A11F0002
A11P0005
A11P0004
A10P0400
A10P0399
A10A0130
A11W0004
A11W0003
A11W0002
A10F0207
A10W0207
A11O0002
A11O0002
A11Q0002
A10W0206
A10Q0230
A10W0205
A10C0225
A10Q0229
A10Q0228
A10P0397
A10P0396
A10W0204
A10C0222
A10Q0226
A10P0394
A10A0126
A10P0393
A10C0221
A10F0205
A10F0204
A10O0260
A10F0203
A10F0202
A10A0123
A10Q0222
A10Q0221
A10P0392
A10O0259
A10P0390
A10F0200
A10C0220
A10C0219
A10O0258
A10F0199
A10W0202
A10W0201
A10C0217
A10Q0219
A10P0387
A10F0196
A10A0122
A10A0122
A10A0122
A10A0121
A10O0256
A10O0255
A10O0254
A10O0253
A10O0252
A10O0251
A10O0250
A10O0249
A10W0199
A10O0248
A10F0195
A10Q0218
A10C0212
A10O0247
A10F0192
A10W0197
A10O0245
A10C0210
A10Q0216
A10Q0215
A10C0208
A10W0195
A10F0189
A10F0188
A10Q0214
A10W0194
A10W0193
A10W0192
A10Q0213
A10P0384
A10Q0210
A10Q0209
A10P0383
A10P0382
A10O0242
A10C0204
A10O0241
A10F0178
A10P0380
A10P0378
A10P0377
A10P0376
A10P0375
A10Q0207
A10F0177
A10P0374
A10P0372
A10P0371
A10P0369
A10Q0206
A10Q0204
A10P0367
A10P0366
A10P0365
A10P0364
A10W0185
A10W0184
A10W0182
A10Q0202
A10W0181
A10W0180
A10P0356
A10W0178
A10O0237
A10Q0197
A10O0236
A10F0171
A10A0120
A10W0177
A10O0235
A10C0198
A10A0119
A10O0234
A10F0169
A10Q0196
A10C0196
A10O0233
A10Q0194
A10W0175
A10C0194
A10Q0193
A10W0174
A10O0231
A10Q0192
A10F0165
A10C0192
A10P0345
A10A0117
A10F0164
A10F0163
A10A0116
A10P0344
A10Q0191
A10Q0190
A10P0343
A10P0342
A10C0190
A10W0172
A10C0189
A10F0160
A10C0188
A10C0187
A10P0341
A10W0171
A10W0171
A10W0171
A10C0186
A10P0338
A10A0113
A10F0156
A10W0169
A10W0168
A10W0167
A10P0336
A10O0226
A10Q0186
A10P0334
A10P0333
A10O0224
A10W0166
A10O0223
A10P0332
A10P0331
A10P0330
A10P0328
A10Q0185
A10O0222
A10W0165
A10W0164
A10F0153
A10P0327
A10A0111
A10A0110
A10W0162
A10W0161
A10W0160
A10Q0184
A10C0183
A10O0221
A10O0220
A10P0321
A10Q0182
A10F0152
A10A0107
A10Q0181
A10Q0180
A10C0182
A10W0159
A10Q0179
A10C0181
A10A0105
A10Q0177
A10P0319
A10Q0175
A10C0178
A10Q0174
A10P0316
A10P0313
A10Q0173
A10W0158
A10A0104
A10C0177
A10Q0171
A10O0216
A10P0312
A10W0157
A10Q0170
A10O0213
A10F0144
A10C0176
A10A0103
A10A0102
A10C0175
A10O0212
A10O0211
A10W0156
A10P0309
A10P0308
A10O0210
A10Q0166
A10Q0164
A10P0304
A10A0099
A10Q0163
A10Q0162
A10O0208
A10P0301
A10O0206
A10O0205
A10Q0158
A10P0297
A10P0296
A10F0140
A10P0295
A10P0294
A10Q0157
A10W0153
A10A0096
A10O0200
A10O0199
A10F0136
A10P0292
A10A0095
A10O0198
A10F0134
A10O0197
A10Q0154
A10W0150
A10W0149
A10O0193
A10Q0152
A10Q0150
A10W0147
A10P0287
A10W0146
A10W0145
A10O0191
A10W0144
A10Q0148
A10W0143
A10Q0147
A10O0189
A10O0188
A10P0285
A10P0284
A10O0187
A10O0186
A10A0092
A10A0091
A10P0280
A10O0185
A10O0184
A10O0183
A10A0090
A10O0182
A10Q0143
A10Q0142
A10W0139
A10C0150
A10Q0140
A10Q0139
A10P0273
A10Q0136
A10P0271
A10C0148
A10P0270
A10C0147
A10C0146
A10W0136
A10Q0134
A10O0178
A10C0145
A10O0177
A10Q0133
A10O0176
A10Q0132
A10C0144
A10W0135
A10F0123
A10W0134
A10F0121
A10C0143
A10C0141
A10A0088
A10Q0129
A10W0133
A10A0086
A10W0132
A10F0115
A10F0114
A10P0255
A10P0254
A10P0251
A10Q0128
A10Q0127
A10Q0126
A10W0129
A10W0126
A10O0170
A10P0250
A10P0249
A10P0248
A10O0168
A10O0166
A10W0124
A10O0165
A10O0164
A10C0135
A10O0162
A10F0112
A10O0161
A10O0159
A10Q0125
A10O0158
A10O0157
A10P0243
A10W0119
A10W0118
A10Q0122
A10F0109
A10O0155
A10F0106
A10Q0121
A10P0241
A10P0240
A10Q0119
A10W0117
A10F0105
A10A0083
A10O0153
A10O0149
A10O0148
A10W0116
A10P0231
A10W0114
A10C0129
A10Q0117
A10O0144
A10A0082
A10W0111
A10P0227
A10Q0115
A10O0143
A10Q0114
A10O0142
A10C0125
A10W0110
A10P0224
A10Q0112
A10P0222
A10P0221
A10O0106
A10Q0085
A10Q0084
A10P0153
A10P0152
A10W0081
A10C0078
A10C0077
A10P0150
A10P0148
A10P0147
A10W0080
A10O0103
A10F0069
A10Q0078
A10W0078
A10P0146
A10Q0077
A10P0144
A10A0056
A10W0076
A10A0055
A10O0100
A10F0067
A10P0142
A10A0053
A10P0141
A10A0051
A10P0139
A10P0138
A10F0065
A10C0070
A10C0069
A10P0134
A10P0133
A10O0092
A10C0065
A10O0090
A10Q0069
A10Q0068
A10W0072
A10O0089
A10W0070
A08F0208
A10A0050
A10A0049
A10A0048
A10P0127
A10W0069
A10C0060
A10C0060
A10O0087
A10F0064
A10O0086
A10W0068
A10P0123
A10W0067
A10W0066
A10Q0063
A10Q0062
A10P0121
A10O0085
A10P0119
A10F0061
A10F0060
A10O0083
A10O0082
A10O0080
A10Q0061
A10C0056
A10P0117
A10F0058
A10O0079
A10P0115
A10W0065
A10O0076
A10O0075
A10O0074
A10P0113
A10P0112
A10P0111
A10P0110
A10W0064
A10A0044
A10P0106
A10C0052
A10A0043
A10Q0055
A10Q0054
A10O0072
A10W0062
A10F0055
A10C0051
A10P0101
A10Q0052
A10Q0051
A10Q0049
A10A0040
A10W0060
A10F0052
A10C0049
A10Q0046
A10Q0045
A10W0057
A10P0097
A10O0068
A10F0048
A10P0094
A10C0046
A10W0054
A10O0067
A10F0047
A10O0066
A10O0065
A10O0064
A10O0063
A10O0061
A10P0093
A10P0092
A10C0045
A10A0038
A10A0037
A10F0046
A10W0053
A10F0045
A10O0059
A10W0052
A10W0051
A10C0041
A10Q0041
A10F0043
A10P0087
A10W0050
A10W0048
A10W0047
A10O0058
A10Q0040
A10Q0039
A10O0055
A10O0054
A10O0053
A10O0052
A10O0049
A10O0048
A10O0047
A10P0086
A10P0085
A10P0084
A10P0083
A10Q0038
A10O0046
A10F0038
A10F0037
A10Q0037
A10P0078
A10Q0035
A10F0036
A10C0039
A10A0032
A10A0032
A10O0045
A10P0075
A10P0074
A10C0038
A10A0031
A10P0070
A10P0069
A10Q0033
A10A0028
A10C0035
A10C0034
A10C0033
A10C0032
A10P0065
A10Q0031
A10Q0030
A10C0031
A10P0063
A10C0030
A10O0042
A10P0062
A10O0040
A10O0039
A10A0026
A10C0029
A10F0030
A10W0045
A10P0060
A10C0027
A10F0029
A10C0026
A10W0042
A10W0041
A10Q0027
A10O0036
A10O0032
A09A0119
A10W0040
A10W0040
A10C0025
A10W0039
A10W0038
A10O0031
A10W0037
A10W0036
A10P0050
A10P0049
A10C0024
A10C0023
A10O0030
A10A0023
A10Q0024
A10A0022
A10A0020
A10O0028
A10C0020
A10F0023
A10O0027
A10C0018
A10F0022
A10P0041
A10A0018
A10P0039
A10O0026
A10Q0018
A10W0029
A10P0037
A10P0036
A10Q0017
A10P0034
A10W0028
A10W0027
A10P0032
A10O0024
A10P0030
A10F0020
A10A0016
A10O0023
A10W0025
A10Q0015
A10Q0014
A10P0028
A10W0023
A10P0027
A10C0015
A10F0012
A10W0021
A10O0020
A10F0011
A10O0019
A10P0026
A10P0025
A10Q0011
A10P0024
A10C0012
A10C0011
A10A0011
A10A0010
A10A0009
A10Q0009
A10A0008
A10A0007
A10A0006
A10C0009
A10W0019
A10P0022
A10C0008
A10O0017
A10P0019
A10W0017
A10W0016
A10O0016
A09F0191
A10P0017
A10O0015
A10P0016
A09C0196
A10O0014
A10W0013
A10P0015
A10F0003
A10O0013
A10F0002
A10O0012
A10O0011
A10P0013
A10W0012
A10Q0006
A10W0011
A10Q0004
A10O0010
A10O0009
A10O0008
A10Q0003
A10W0007
A10W0006
A10W0005
A10P0008
A10C0004
A10Q0002
A09W0221
A10W0004
A09W0220
A10A0003
A10O0006
A09O0279
A10P0006
A10W0003
A09P0428
A10W0002
A09P0427
A10P0003
A10P0002
A10Q0001
A10P0001
A10C0003
A10A0002
A10O0005
A10O0004
A10O0003
A10O0002
A09P0426
A09P0423
A10A0001
A09C0195
A10C0001
A09O0278
A09O0277
A09W0219
A09O0276
A09O0275
A09A0118
A09P0421
A09P0418
A09Q0215
A09O0274
A09W0218
A09O0273
A09A0117
A09F0182
A09W0216
A09P0414
A09O0272
A09O0271
A09W0215
A09C0188
A09F0180
A09P0409
A09A0116
A09O0269
A09O0268
A09O0267
A09O0266
A09F0177
A09O0264
A09P0406
A09P0405
A09P0404
A09Q0208
A09O0263
A09C0186
A09O0261
A09F0175
A09O0260
A09P0401
A09C0185
A09P0400
A09Q0203
A09Q0203
A09Q0203
A09Q0203
A09C0184
A09O0258
A09O0257
A09W0211
A09A0112
A09O0256
A09O0254
A09A0111
A09O0253
A09O0252
A09P0397
A09O0251
A09O0250
A09C0182
A09W0210
A09P0392
A09W0208
A09O0248
A09P0391
A09P0387
A09C0180
A09O0247
A09Q0199
A09W0206
A09O0246
A09P0385
A09P0384
A09W0205
A09W0204
A09C0179
A09F0167
A09W0203
A09C0178
A09A0110
A09A0109
A09A0108
A09Q0194
A09O0243
A09F0165
A09O0242
A09A0107
A09C0175
A09Q0193
A09F0162
A09O0241
A09Q0192
A09O0240
A09F0161
A09O0239
A09W0201
A09W0200
A09C0173
A09C0172
A09C0172
A09C0172
A09A0106
A09F0159
A09O0233
A09O0232
A09W0199
A09W0198
A09F0158
A09F0158
A09Q0188
A09O0230
A09P0375
A09P0372
A09P0370
A09P0369
A09W0197
A09C0169
A09P0367
A09P0366
A09W0195
A09W0192
A09W0191
A09W0190
A09O0229
A09O0228
A09P0358
A09A0103
A09C0167
A09P0357
A09O0227
A09O0226
A09P0355
A09W0189
A09P0354
A09O0225
A09W0187
A09P0351
A09A0101
A09P0350
A09W0186
A09W0185
A09A0100
A09W0184
A09A0099
A09A0098
A09O0222
A09P0348
A09W0182
A09C0165
A09Q0183
A09C0164
A09F0145
A09A0096
A09P0346
A09F0144
A09W0180
A09P0345
A09P0342
A09C0161
A09P0340
A09P0339
A09F0143
A09F0142
A09W0179
A09P0334
A09Q0180
A09F0141
A09O0215
A09O0214
A09A0094
A09W0178
A09P0330
A09Q0178
A09W0177
A09C0160
A09W0176
A09F0137
A09F0136
A09O0212
A09Q0172
A09P0327
A09W0175
A09P0326
A09P0325
A09O0210
A09O0209
A09W0174
A09P0322
A09Q0170
A09Q0168
A09O0208
A09A0092
A09A0091
A09C0156
A09O0206
A09O0205
A09C0155
A09A0090
A09O0204
A09P0316
A09C0154
A09C0153
A09O0202
A09O0201
A09P0314
A09O0200
A09Q0167
A09P0311
A09P0308
A09O0198
A09A0088
A09C0150
A09O0196
A09W0170
A09O0195
A09W0169
A09P0304
A09W0167
A09C0148
A09P0301
A09Q0161
A09O0188
A09O0187
A09C0146
A09Q0159
A09Q0158
A09P0295
A09P0294
A09P0292
A09P0290
A09P0287
A09O0186
A09W0165
A09P0279
A09Q0155
A09Q0154
A09O0185
A09A0083
A09P0277
A09P0276
A09O0183
A09C0143
A09O0182
A09P0271
A09C0142
A09A0082
A09P0270
A09P0269
A09Q0150
A09Q0149
A09A0081
A09Q0148
A09Q0147
A09A0080
A09O0178
A09Q0146
A09P0261
A09P0260
A09C0141
A09A0079
A09F0119
A09Q0144
A09A0078
A09P0258
A09P0256
A09P0254
A09A0077
A09W0159
A09P0251
A09C0137
A09O0177
A09O0174
A09F0116
A09O0173
A09P0248
A09P0244
A09W0157
A09O0169
A09P0240
A09P0239
A09O0165
A09O0164
A09C0136
A09O0163
A09A0073
A09P0236
A09W0152
A09Q0135
A09W0150
A09W0149
A09F0112
A09W0148
A09Q0132
A09W0147
A09C0131
A09A0070
A09W0146
A09W0146
A09A0069
A09P0233
A09Q0130
A09Q0129
A09C0130
A09Q0125
A09Q0124
A09W0145
A09C0129
A09P0224
A09P0223
A09P0220
A09P0218
A09Q0123
A09W0144
A09W0143
A09W0142
A09W0140
A09A0066
A09O0152
A09O0151
A09W0137
A09P0211
A09A0064
A09W0136
A09O0149
A09O0148
A09O0147
A09W0134
A09W0133
A09Q0116
A09Q0115
A09P0206
A09Q0114
A09Q0111
A09Q0111
A09W0131
A09P0202
A09W0130
A09Q0109
A09O0141
A09O0140
A09O0138
A09C0117
A09O0136
A09P0196
A09W0129
A09O0135
A09W0128
A09O0134
A09Q0107
A09P0188
A09P0187
A09Q0106
A09C0113
A09P0186
A09P0185
A09P0184
A09P0182
A09W0124
A09O0132
A09O0131
A09W0123
A09W0122
A09A0052
A09Q0103
A09Q0102
A09Q0101
A09O0130
A09P0174
A09Q0100
A09A0051
A09P0173
A09P0172
A09O0129
A09F0105
A09W0120
A09P0171
A09C0109
A09A0049
A09O0127
A09Q0099
A09O0126
A09W0117
A09Q0096
A09C0104
A09A0045
A09P0167
A09O0122
A09W0114
A09C0101
A09O0121
A09W0113
A09Q0095
A09Q0094
A09O0119
A09W0111
A09P0165
A09Q0093
A09O0118
A09Q0092
A09Q0091
A09Q0090
A09W0109
A09O0117
A09P0162
A09C0095
A09W0108
A09P0161
A09A0042
A09W0107
A09O0116
A09F0104
A09P0160
A09P0158
A09C0091
A09P0157
A09O0114
A09C0090
A09C0089
A09O0113
A09A0041
A09O0112
A09F0103
A09O0110
A09O0106
A09A0040
A09Q0088
A09C0087
A09Q0087
A09W0102
A09C0084
A09Q0086
A09W0100
A09O0105
A09F0098
A09F0096
A09A0038
A09W0096
A09W0095
A09W0093
A09F0092
A09O0098
A09A0037
A09P0143
A09W0092
A09F0090
A09O0096
A09O0094
A09W0090
A09W0089
A09F0089
A09F0088
A09C0080
A09O0093
A09O0092
A09C0079
A09C0078
A09C0075
A09P0134
A09Q0076
A09P0131
A09P0130
A09W0085
A09C0074
A09F0082
A09W0084
A09F0081
A09W0083
A09A0033
A09P0125
A09O0089
A09Q0073
A09O0088
A09P0124
A09O0085
A09O0083
A09O0082
A09F0079
A09P0113
A09C0071
A09W0079
A08P0402
A09Q0070
A09Q0068
A09C0070
A09W0078
A09O0080
A09W0077
A09C0068
A09P0109
A08O0357
A09C0066
A09Q0067
A09P0107
A09W0074
A09Q0066
A09P0106
A09O0078
A09C0063
A09P0104
A09P0103
A09C0062
A09W0072
A09F0076
A09C0061
A09W0069
A09O0077
A09O0076
A09F0075
A09C0060
A09C0058
A09O0075
A09P0099
A09A0032
A09C0057
A09P0096
A09C0056
A09Q0060
A09F0072
A09P0093
A09F0071
A09C0054
A09C0052
A09W0063
A09W0062
A09O0073
A09O0073
A09O0073
A09O0072
A09P0088
A09O0071
A09O0070
A09W0061
A09P0085
A09O0069
A09W0060
A09P0084
A09A0031
A09A0030
A09W0059
A09Q0053
A09P0083
A09C0049
A09F0064
A09F0063
A09P0078
A09O0065
A09A0029
A09C0048
A09O0064
A09F0062
A09P0076
A09P0075
A09F0058
A09O0063
A09O0062
A09A0028
A09Q0049
A09Q0048
A09O0061
A09A0027
A09W0054
A09C0044
A09C0043
A09F0056
A09A0026
A09A0025
A09Q0046
A09O0057
A09F0055
A09F0054
A09F0053
A09F0052
A09P0066
A09P0065
A09A0024
A09P0063
A09Q0044
A09P0062
A09O0055
A09O0054
A09Q0043
A09W0052
A09Q0042
A09F0051
A09W0051
A09C0042
A09C0041
A09O0053
A09C0040
A09P0061
A09F0050
A09F0049
A09F0047
A09O0052
A09W0048
A09W0047
A09A0020
A09C0036
A09P0053
A09F0041
A09Q0037
A09W0044
A09P0051
A09C0033
A09P0049
A09Q0036
A09Q0035
A09A0016
A09O0050
A09O0049
A09O0048
A09W0041
A09W0040
A09O0047
A09W0037
A09W0037
A09F0037
A09O0045
A09C0031
A09O0044
A09W0036
A09O0043
A09W0034
A09P0041
A09O0042
A09W0033
A09O0041
A09O0040
A09O0039
A09A0013
A09A0012
A09C0028
A09A0011
A09Q0034
A09Q0033
A09C0025
A09Q0032
A09O0038
A09P0033
A09O0037
A09F0030
A09F0029
A09O0036
A09P0032
A09Q0031
A09Q0030
A09O0034
A09Q0029
A09Q0028
A09O0033
A09F0028
A09C0023
A09O0032
A09W0030
A09W0029
A09C0022
A09O0031
A09P0025
A09C0021
A09W0027
A09F0025
A09O0030
A09F0024
A09O0029
A09O0027
A09W0026
A09W0025
A08W0252
A09Q0023
A09F0019
A09F0019
A09A0009
A09W0023
A09C0017
A09Q0020
A09W0022
A09P0021
A09O0025
A09Q0018
A09F0018
A09P0018
A09Q0017
A09O0024
A09A0007
A09F0017
A09C0016
A09C0015
A09F0016
A09F0015
A09Q0016
A09W0018
A09W0017
A09O0022
A09O0022
A09F0012
A09O0021
A09W0016
A09W0015
A09Q0014
A09O0020
A09P0011
A09P0010
A09Q0013
A09P0009
A09F0011
A09F0010
A09P0008
A09O0019
A09Q0012
A09A0006
A09O0018
A09F0008
A09O0017
A09O0016
A09W0013
A09O0015
A09O0014
A09C0012
A09O0013
A09C0010
A09P0007
A09W0012
A09W0010
A09W0009
A09F0005
A09O0011
A09O0009
A09O0008
A09O0007
A09O0006
A09Q0008
A09Q0007
A09Q0006
A09Q0005
A09Q0004
A09C0009
A09O0005
A09O0003
A09C0006
A09A0005
A09P0005
A09O0002
A09C0004
A09C0003
A09W0006
A09F0002
A09W0005
A09F0001
A09P0004
A09C0002
A08P0398
A09A0002
A09W0004
A08F0194
A09Q0002
A09W0002
A08Q0245
A08O0356
A09W0001
A09P0001
A08C0256
A08O0355
A08A0159
A08P0394
A08O0354
A08O0353
A08C0254
A08O0351
A08F0192
A08F0190
A08Q0244
A08W0250
A08W0249
A08C0253
A08W0248
A08O0330
A08F0180
A08Q0238
A08Q0237
A08O0329
A08Q0236
A08Q0235
A08Q0234
A08O0328
A08C0244
A08C0242
A08A0155
A08Q0232
A08W0241
A08W0240
A08W0239
A08Q0230
A08C0240
A08Q0228
A08W0237
A08W0237
A08W0237
A08W0236
A08O0325
A08Q0227
A08O0324
A08O0323
A08O0322
A08Q0226
A08W0234
A08Q0225
A08Q0224
A08O0321
A08F0177
A08O0320
A08P0370
A08A0152
A08W0230
A08O0319
A08O0318
A08O0317
A08O0316
A08P0368
A08P0367
A08P0362
A08Q0221
A08P0359
A08O0314
A08C0236
A08W0229
A08O0313
A08O0311
A08O0310
A08F0175
A08P0354
A08W0228
A08P0353
A08Q0220
A08C0234
A08W0226
A08O0309
A08C0233
A08C0232
A08A0150
A08C0231
A08C0230
A08C0229
A08A0149
A08O0308
A08C0228
A08A0148
A08W0224
A08O0307
A08Q0219
A08W0222
A08Q0218
A08F0171
A08O0306
A08O0305
A08C0226
A08O0304
A08Q0216
A08A0147
A08Q0215
A08W0221
A08W0220
A08Q0212
A08Q0211
A08C0225
A08Q0210
A08O0302
A08P0350
A08Q0209
A08P0349
A08P0348
A08Q0208
A08O0301
A08W0216
A08O0300
A08A0141
A08Q0205
A08Q0204
A08A0139
A08C0220
A08P0345
A08W0215
A08F0167
A08W0214
A08C0219
A08F0166
A08O0299
A08W0213
A08O0298
A08Q0203
A08O0297
A08P0344
A08Q0202
A08O0296
A08O0295
A08O0291
A08O0290
A08O0288
A08O0287
A08F0164
A08O0286
A08C0214
A08O0285
A08P0340
A08C0213
A08O0282
A08C0212
A08W0210
A08C0211
A08Q0198
A08C0210
A08A0138
A08A0136
A08C0209
A08A0135
A08F0161
A08P0336
A08O0280
A08W0207
A08W0206
A08P0327
A08F0158
A08A0132
A08F0157
A08F0156
A08O0278
A08O0277
A08O0276
A08O0275
A08O0275
A08F0154
A08P0325
A08A0131
A08C0206
A08W0202
A08O0274
A08O0273
A08P0321
A08F0153
A08O0272
A08F0151
A08O0270
A08O0269
A08P0320
A08P0319
A08W0201
A08A0128
A08P0317
A08C0203
A08P0316
A08A0127
A08O0267
A08P0315
A08P0313
A08O0266
A08C0202
A08C0201
A08P0309
A08O0263
A08O0262
A08Q0187
A08P0306
A08A0123
A08C0198
A08A0121
A08W0198
A08F0149
A08C0195
A08Q0186
A08O0260
A08P0305
A08O0257
A08O0256
A08O0254
A08A0118
A08C0192
A08O0252
A08A0116
A08F0146
A08C0191
A08Q0183
A08W0194
A08P0295
A08Q0182
A08C0190
A08O0249
A08Q0181
A08O0248
A08O0247
A08O0246
A08P0293
A08C0189
A08A0115
A08O0245
A08O0244
A08Q0180
A08O0241
A08O0240
A08C0185
A08Q0176
A08A0113
A08O0239
A08P0289
A08W0192
A08P0288
A08W0191
A08W0190
A08W0189
A08O0237
A08W0188
A08A0112
A08O0235
A08O0234
A08Q0173
A08W0187
A08P0286
A08W0186
A08W0185
A08O0232
A08P0285
A08W0184
A08P0284
A08W0182
A08W0181
A08P0283
A08O0231
A08A0108
A08O0230
A08Q0171
A08Q0171
A08Q0171
A08P0282
A08W0180
A08O0229
A08O0228
A08O0227
A08C0183
A08P0278
A08F0136
A08W0174
A08Q0168
A08Q0167
A08Q0164
A08F0134
A08C0180
A08Q0162
A08Q0161
A08A0105
A08P0271
A08P0270
A08C0179
A08O0224
A08O0223
A08Q0159
A08O0222
A08O0221
A08Q0157
A08Q0156
A08W0170
A08C0175
A08P0267
A08P0266
A08W0168
A08P0265
A08A0103
A08A0102
A08W0163
A08Q0152
A08Q0150
A08Q0149
A08Q0148
A08C0172
A08O0215
A08W0162
A08F0128
A08F0127
A08W0158
A08P0255
A08A0100
A08P0248
A08P0246
A08W0155
A08O0211
A08O0210
A08Q0147
A08P0244
A08F0125
A08C0169
A08Q0145
A08O0209
A08C0168
A08C0167
A08C0166
A08A0098
A08P0241
A08Q0144
A08W0152
A08C0164
A08O0207
A08O0206
A08F0123
A08O0204
A08O0203
A08O0202
A08O0201
A08O0200
A08F0121
A08W0151
A08F0120
A08O0199
A08O0198
A08O0197
A08F0119
A08W0150
A08W0149
A08F0118
A08O0196
A08O0195
A08P0238
A08P0237
A08Q0139
A08H0002
A08O0194
A08Q0138
A08O0193
A08C0162
A08Q0137
A08C0161
A08O0191
A08W0145
A08W0144
A08W0143
A08O0189
A08Q0134
A08W0142
A08O0188
A08O0187
A08O0186
A08W0141
A08W0141
A08W0141
A08W0141
A08W0141
A08W0141
A08O0182
A08A0097
A08A0096
A08W0138
A08O0180
A08P0223
A08F0115
A08O0178
A08W0136
A08O0177
A08O0176
A08O0175
A08W0134
A08C0151
A08Q0132
A08W0132
A08Q0131
A08O0174
A08F0113
A08A0095
A08C0147
A08F0108
A08O0173
A08Q0129
A08Q0128
A08W0128
A08W0127
A08P0212
A08W0126
A08Q0127
A08Q0126
A08O0172
A08F0107
A08F0106
A08O0171
A08F0105
A08P0205
A08C0145
A08F0104
A08O0166
A08C0144
A08P0204
A08P0202
A08Q0123
A08Q0122
A08Q0121
A08Q0120
A08P0197
A08O0163
A08O0162
A08Q0118
A08A0086
A08W0118
A08W0117
A08W0116
A08O0161
A08A0085
A08O0160
A08A0084
A08A0083
A08P0194
A08P0193
A08Q0115
A08C0137
A08C0135
A08F0101
A08C0134
A08Q0114
A08W0114
A08Q0112
A08P0189
A08C0131
A08C0130
A08A0081
A08P0187
A08C0129
A08C0128
A08C0127
A08P0185
A08O0156
A08O0155
A08A0079
A08W0110
A08O0154
A08O0153
A08Q0108
A08F0095
A08O0152
A08Q0106
A08C0123
A08Q0105
A08O0151
A08P0171
A08C0121
A08P0168
A08W0108
A08W0107
A08P0164
A08Q0104
A08W0104
A08P0163
A08Q0102
A08A0078
A08C0118
A08P0158
A08O0150
A08A0077
A08O0148
A08O0147
A08P0152
A08F0090
A08C0116
A08O0146
A08P0146
A08F0089
A08F0086
A08F0085
A08P0143
A08O0144
A08A0076
A08O0143
A08O0142
A08W0103
A08W0102
A08O0141
A08C0115
A08O0139
A08C0113
A08Q0096
A08A0073
A08A0072
A08O0136
A08O0135
A08P0139
A08Q0093
A08Q0092
A08W0097
A08W0096
A08O0134
A08W0095
A08F0082
A08O0133
A08O0132
A08C0110
A08F0081
A08Q0091
A08C0108
A08C0107
A08W0092
A08O0128
A08P0133
A08O0127
A08Q0089
A08A0070
A08W0090
A08C0105
A08O0125
A08C0104
A08O0124
A08O0121
A08C0098
A08A0069
A08C0096
A08Q0088
A08Q0087
A08Q0086
A08A0067
A08P0121
A08P0120
A08F0077
A08P0119
A08W0087
A08O0118
A08O0117
A08O0116
A08A0064
A08O0115
A08C0091
A08W0085
A08O0114
A08W0084
A08O0113
A08W0081
A08O0111
A08W0080
A08W0079
A08A0062
A08P0111
A08C0086
A08P0109
A08P0108
A08C0085
A08P0107
A08Q0082
A08F0073
A08W0078
A08O0109
A08A0061
A08F0071
A08O0108
A08O0107
A08A0059
A08F0070
A08P0101
A08O0104
A08O0103
A08C0084
A08O0102
A08Q0079
A08W0074
A08O0101
A08O0099
A08C0082
A08P0092
A08A0053
A08A0052
A08O0097
A08F0066
A08P0088
A08Q0074
A08Q0073
A08C0079
A08W0073
A08W0073
A08W0073
A08F0062
A08F0063
A08P0084
A08A0047
A08A0046
A08A0045
A08A0044
A08O0090
A08Q0068
A08O0089
A08Q0067
A08W0072
A08O0087
A08O0086
A08O0085
A08P0078
A08P0077
A08O0084
A08O0083
A08P0075
A08C0078
A08O0082
A08F0061
A08P0072
A08Q0066
A08O0081
A08W0070
A08Q0063
A08W0069
A08P0068
A08C0074
A08Q0061
A08Q0058
A08O0080
A08C0072
A08C0071
A08F0057
A08A0040
A08O0078
A08A0039
A08O0077
A08F0056
A08O0076
A08P0063
A08O0075
A08O0073
A08O0072
A08O0070
A08O0069
A08F0053
A08W0062
A08O0068
A08F0052
A08F0050
A08O0066
A08O0063
A08W0061
A08O0062
A08Q0053
A08P0058
A08C0066
A08C0065
A08Q0052
A08A0038
A08O0060
A08W0060
A08P0057
A08C0064
A08W0058
A08C0063
A08C0062
A08O0059
A08O0057
A08O0056
A08A0037
A08Q0051
A08A0036
A08O0055
A08F0045
A08O0054
A08F0044
A08F0042
A08C0061
A08Q0050
A08W0057
A08W0056
A08O0052
A08W0055
A08Q0049
A08O0049
A08A0034
A08F0040
A08Q0048
A08W0053
A08W0051
A08Q0047
A08O0045
A08P0050
A08Q0045
A08Q0044
A08F0038
A08C0059
A08F0036
A08O0042
A08Q0043
A08O0041
A08C0058
A08O0040
A08W0047
A08P0049
A08O0039
A08O0037
A08C0057
A08Q0038
A08Q0036
A08O0036
A08C0050
A08Q0035
A08C0049
A08O0035
A08O0035
A08W0043
A08A0029
A08F0027
A08O0034
A08C0048
A08C0047
A08C0045
A08Q0033
A08W0039
A08Q0032
A08O0033
A08O0032
A08C0041
A08Q0031
A08Q0030
A08O0031
A08O0030
A08W0037
A08W0036
A08C0038
A08O0028
A08C0037
A08C0036
A08O0027
A08C0035
A08O0026
A08C0034
A08C0033
A08C0031
A08F0022
A08Q0026
A08W0034
A08W0033
A08W0031
A08C0030
A08C0029
A08Q0025
A08Q0024
A08C0028
A08C0026
A08A0024
A08W0030
A08W0029
A08W0027
A08O0022
A08P0031
A08W0026
A08Q0022
A08W0025
A08W0024
A08F0019
A08A0023
A08W0023
A08W0022
A08O0021
A08O0020
A08O0019
A08C0021
A08A0022
A08A0021
A08P0029
A08W0020
A08P0028
A08O0018
A08O0017
A08A0019
A08F0016
A08W0019
A08F0015
A08O0015
A08O0013
A08W0017
A08P0022
A08C0016
A08Q0019
A08A0014
A08A0013
A08A0011
A08C0014
A08P0019
A08C0013
A08O0012
A08O0011
A08Q0017
A08Q0016
A08Q0015
A08Q0014
A08O0010
A08C0008
A08O0008
A08C0007
A08O0007
A08P0015
A08A0009
A08O0006
A08F0010
A08F0009
A08Q0013
A08Q0011
A08W0013
A08P0013
A08A0008
A08Q0010
A08P0012
A08Q0009
A08F0007
A08Q0006
A08W0010
A08W0009
A08W0008
A08O0004
A08Q0005
A08W0007
A08A0006
A08P0007
A08F0005
A08F0004
A08O0003
A08F0003
A07O0356
A08O0002
A08W0006
A08W0005
A07O0355
A07P0426
A08O0001
A07O0354
A07O0353
A08Q0004
A07O0352
A08P0004
A08W0004
A08W0003
A08Q0003
A08W0002
A08W0001
A07P0424
A07W0226
A07W0225
A07A0154
A07W0223
A07W0222
A07W0221
A07C0235
A07O0350
A07Q0254
A07O0349
A07A0151
A07F0221
A07O0348
A07F0218
A07A0150
A07O0347
A07Q0251
A07O0346
A07C0234
A07C0233
A07C0232
A07F0215
A07Q0250
A07C0230
A07O0345
A07Q0249
A07W0218
A07O0344
A07A0149
A07P0414
A07W0217
A07Q0248
A07Q0248
A07O0343
A07W0216
A07O0342
A07O0341
A07P0411
A07O0340
A07P0410
A07O0339
A07W0213
A07W0212
A07Q0246
A07F0211
A07C0229
A07C0228
A07A0148
A07A0147
A07F0209
A07P0409
A07O0337
A07F0208
A07O0336
A07O0335
A07O0334
A07O0333
A07A0146
A07Q0243
A07A0144
A07P0407
A07W0210
A07O0332
A07O0331
A07A0143
A07O0328
A07Q0242
A07O0325
A07O0324
A07O0323
A07Q0240
A07W0209
A07O0322
A07A0141
A07O0321
A07O0320
A07P0397
A07O0319
A07O0317
A07O0316
A07C0225
A07P0396
A07P0395
A07P0394
A07C0223
A07C0221
A07A0138
A07P0391
A07W0205
A07O0315
A07W0204
A07P0389
A07W0203
A07P0388
A07P0387
A07W0202
A07C0215
A07F0199
A07O0313
A07O0312
A07O0310
A07P0386
A07O0309
A07O0308
A07W0201
A07O0307
A07C0213
A07P0383
A07C0212
A07F0198
A07Q0236
A07O0305
A07O0304
A07P0382
A07C0211
A07W0200
A07O0303
A07O0301
A07W0197
A07P0379
A07P0375
A07Q0231
A07C0204
A07P0373
A07P0372
A07Q0229
A07F0192
A07W0194
A07C0202
A07O0298
A07F0188
A07Q0228
A07F0187
A07Q0227
A07A0132
A07A0131
A07A0130
A07O0294
A07C0198
A07F0186
A07Q0224
A07C0197
A07Q0223
A07Q0222
A07W0189
A07Q0220
A07F0184
A07Q0216
A07P0367
A07P0366
A07A0128
A07Q0213
A07C0194
A07F0182
A07O0293
A07O0292
A07O0291
A07W0185
A07Q0212
A07O0289
A07Q0209
A07A0126
A07P0359
A07F0181
A07W0182
A07P0355
A07P0354
A07A0124
A07A0122
A07P0350
A07F0174
A07O0288
A07O0287
A07O0285
A07P0349
A07O0284
A07F0172
A07Q0205
A07W0181
A07Q0204
A07Q0203
A07A0121
A07A0120
A07P0343
A07Q0201
A07P0341
A07P0340
A07F0171
A07O0283
A07F0170
A07O0282
A07P0339
A07O0281
A07P0338
A07O0280
A07O0279
A07O0278
A07O0276
A07O0275
A07W0179
A07O0273
A07O0272
A07P0336
A07A0118
A07O0271
A07O0270
A07A0117
A07P0333
A07O0269
A07O0268
A07C0182
A07A0116
A07A0115
A07P0332
A07Q0195
A07O0265
A07Q0193
A07Q0192
A07P0329
A07Q0191
A07F0163
A07P0328
A07C0179
A07A0113
A07A0112
A07O0262
A07A0108
A07O0260
A07P0327
A07O0259
A07W0172
A07W0171
A07C0178
A07C0177
A07O0258
A07Q0185
A07P0324
A07Q0184
A07Q0183
A07C0173
A07P0319
A07Q0182
A07W0168
A07W0167
A07F0155
A07F0154
A07O0254
A07W0165
A07F0151
A07P0259
A07P0257
A07Q0143
A07Q0141
A07P0254
A07F0118
A07O0201
A07C0141
A07Q0139
A07O0200
A07W0143
A07C0139
A07W0141
A07A0080
A07P0250
A07O0199
A07O0198
A07O0197
A07Q0136
A07O0196
A07O0195
A07O0194
A07W0140
A07O0193
A07O0192
A07P0245
A07O0191
A07A0079
A07W0139
A07W0138
A07Q0134
A07C0129
A07W0137
A07Q0132
A07O0188
A07Q0131
A07O0187
A07W0136
A07P0238
A07Q0128
A07C0121
A07O0182
A07W0132
A07P0224
A07W0131
A07F0105
A07O0181
A07C0119
A07O0180
A07O0179
A07O0178
A07O0176
A07O0175
A07O0174
A07P0217
A07P0216
A07P0215
A07O0170
A07Q0122
A07A0078
A07W0128
A07O0168
A07O0167
A07A0077
A07A0076
A07A0075
A07A0074
A07A0073
A07P0214
A07W0125
A07A0072
A07C0115
A07A0071
A07Q0119
A07F0102
A07O0166
A07W0122
A07Q0118
A07C0114
A07W0121
A07A0069
A07A0068
A07O0162
A07A0066
A07O0161
A07Q0116
A07W0119
A07Q0113
A07O0158
A07C0113
A07W0116
A07C0111
A07O0156
A07O0155
A07P0200
A07O0154
A07F0094
A07Q0111
A07F0092
A07Q0110
A07Q0109
A07O0153
A07F0091
A07W0112
A07P0191
A07C0106
A07W0111
A07C0105
A07W0110
A07Q0106
A07O0151
A07A0063
A07O0147
A07P0188
A07P0187
A07A0062
A07P0186
A07C0102
A07P0184
A07O0145
A07O0144
A07F0086
A07C0101
A07W0108
A07O0143
A07O0142
A07W0107
A07O0140
A07O0139
A07O0137
A07C0098
A07O0136
A07C0096
A07W0106
A07Q0098
A07O0134
A07W0103
A07A0054
A07W0101
A07A0053
A07W0100
A07O0133
A07O0132
A07P0173
A07C0094
A07Q0095
A07W0099
A07Q0094
A07Q0091
A07W0098
A07C0092
A07Q0090
A07C0091
A07W0097
A07W0096
A07A0052
A07P0168
A07P0165
A07A0051
A07A0050
A07P0164
A07Q0088
A07W0094
A07Q0087
A07O0129
A07O0128
A07P0156
A07P0155
A07O0126
A07O0125
A07W0093
A07W0092
A07C0086
A07F0079
A07F0078
A07W0091
A07O0124
A07A0049
A07W0086
A07P0147
A07P0145
A07Q0081
A07W0085
A07F0073
A07W0084
A07O0120
A07W0083
A07O0119
A07P0142
A07P0139
A07C0077
A07A0048
A07P0137
A07F0069
A07P0135
A07O0116
A07O0115
A07O0114
A07P0131
A07O0110
A07Q0074
A07Q0073
A07W0080
A07W0079
A07O0108
A07W0078
A07O0105
A07P0126
A07P0124
A07P0121
A07A0043
A07Q0071
A07W0076
A07O0104
A07F0063
A07O0103
A07C0070
A07C0069
A07C0068
A07W0075
A07W0074
A07P0117
A07A0041
A07P0113
A07P0111
A07Q0070
A07A0040
A07W0073
A07A0039
A07P0110
A07P0108
A07W0072
A07W0070
A07A0038
A07O0099
A07O0098
A07O0097
A07Q0069
A07C0065
A07F0052
A07Q0068
A07W0069
A07Q0067
A07P0104
A07F0050
A07P0103
A07Q0066
A07A0031
A07P0097
A07Q0065
A07Q0064
A07W0068
A07F0046
A07P0089
A07O0094
A07A0029
A07C0060
A07W0064
A07C0058
A07C0057
A07Q0061
A07O0093
A07C0056
A07C0055
A07C0054
A07C0053
A07C0051
A07Q0059
A07O0092
A07O0091
A07C0050
A07O0090
A07O0089
A07P0081
A07O0088
A07P0080
A07O0087
A07F0044
A07W0062
A07Q0058
A07P0078
A07P0077
A07W0061
A07Q0056
A07O0086
A07F0043
A07P0075
A07O0085
A07O0084
A07A0027
A07O0083
A07C0049
A07W0060
A07A0026
A07F0042
A07A0025
A07P0064
A07C0048
A07P0061
A07O0080
A07O0079
A07W0058
A07W0057
A07W0056
A07C0046
A07F0038
A07O0078
A07F0036
A07O0076
A07W0054
A07O0075
A07O0074
A07A0023
A07O0073
A07O0072
A07O0071
A07O0070
A07W0050
A07W0049
A07O0068
A07Q0055
A07Q0054
A07Q0053
A07Q0052
A07O0066
A07O0065
A07Q0051
A07O0064
A07C0042
A07O0063
A07A0022
A07Q0049
A07O0061
A07W0047
A07P0056
A07W0046
A07W0045
A07O0060
A07C0041
A07O0058
A07O0057
A07F0030
A07O0055
A07O0053
A07W0043
A07A0021
A07C0040
A07P0049
A07C0037
A07C0036
A07C0035
A07W0039
A07W0038
A07O0051
A07O0050
A07O0048
A07W0037
A07C0032
A07P0045
A07O0047
A07O0046
A07W0036
A07F0025
A07F0024
A07Q0042
A07W0035
A07O0045
A07O0044
A07Q0040
A07Q0039
A07W0033
A07Q0038
A07Q0036
A07C0030
A07C0029
A07O0041
A07O0040
A07C0028
A07C0026
A07Q0035
A07P0038
A07O0038
A07F0019
A07O0037
A07W0031
A07P0034
A07O0036
A07O0035
A07F0017
A07A0018
A07A0017
A07Q0033
A07Q0031
A07A0016
A07A0015
A07O0034
A07O0033
A07F0015
A07O0031
A07P0031
A07O0029
A07O0028
A07P0029
A07W0029
A07O0027
A07O0025
A07O0024
A07W0027
A07O0023
A07O0022
A07O0021
A07P0028
A07O0020
A07W0026
A07Q0028
A07Q0026
A07F0011
A07P0023
A07W0025
A07W0024
A07W0023
A07O0019
A07O0018
A07C0019
A07Q0024
A07W0020
A06C0210
A07C0018
A07Q0021
A07Q0020
A07F0010
A07Q0019
A07O0017
A07A0012
A07A0011
A07A0010
A07A0009
A07P0021
A07A0008
A07A0007
A07W0018
A07Q0018
A07Q0017
A07O0016
A07C0016
A07W0017
A07C0015
A07C0014
A07O0015
A07O0014
A07O0013
A07Q0016
A07C0011
A07O0012
A07Q0015
A07O0011
A07W0015
A07Q0014
A07O0010
A07O0009
A07Q0013
A07C0009
A07O0008
A07Q0011
A07Q0010
A07F0004
A07F0003
A07F0002
A07W0011
A07C0008
A07A0004
A07C0006
A07C0005
A07A0003
A07P0014
A07C0004
A06Q0210
A07P0013
A07W0009
A07Q0007
A07W0007
A07P0010
A07Q0005
A07P0009
A07Q0003
A07P0008
A07W0005
A07W0005
A07W0005
A07W0005
A07O0007
A07Q0002
A06A0135
A07O0006
A07O0005
A07O0004
A07F0001
A07O0002
A06P0284
A07A0001
A07P0002
A07W0003
A07W0003
A07W0003
A06W0250
A06P0278
A06W0249
A06Q0209
A07Q0001
A06F0196
A06O0324
A06O0323
A06O0322
A06F0194
A06O0320
A06O0319
A06W0246
A06O0318
A06W0245
A06W0242
A06C0208
A06C0207
A06W0241
A06W0240
A06W0239
A06C0206
A06P0272
A06Q0202
A06F0192
A06Q0201
A06O0316
A06W0237
A06C0205
A06W0235
A06W0234
A06P0270
A06P0269
A06O0314
A06C0204
A06O0313
A06P0267
A06O0312
A06C0201
A06P0265
A06C0200
A06W0231
A06W0229
A06W0228
A06O0309
A06Q0200
A06F0188
A06P0260
A06C0197
A06P0259
A06Q0199
A06P0258
A06P0257
A06P0256
A06W0226
A06Q0198
A06Q0197
A06O0306
A06O0305
A06O0304
A06W0225
A06W0224
A06W0223
A06C0194
A06W0222
A06Q0195
A06F0189
A06O0303
A06A0125
A06C0192
A06P0250
A06P0249
A06O0301
A06A0124
A06W0220
A06A0123
A06W0219
A06Q0194
A06A0122
A06W0218
A06Q0193
A06F0187
A06O0299
A06Q0192
A06W0217
A06W0216
A06C0188
A06Q0190
A06A0121
A06Q0189
A06A0120
A06W0215
A06W0214
A06F0180
A06Q0188
A06O0295
A06O0294
A06O0293
A06O0292
A06A0118
A06P0245
A06O0289
A06A0117
A06W0211
A06F0175
A06F0174
A06O0287
A06O0286
A06O0285
A06O0284
A06O0283
A06O0282
A06P0242
A06O0281
A06W0210
A06F0173
A06F0172
A06O0280
A06O0279
A06O0278
A06O0277
A06C0181
A06A0116
A06W0208
A06A0115
A06A0114
A06C0178
A06F0169
A06W0207
A06W0206
A06O0276
A06W0204
A06W0203
A06Q0184
A06A0113
A06A0112
A06C0177
A06O0275
A06C0176
A06W0202
A06C0175
A06A0111
A06W0199
A06O0274
A06P0225
A06C0174
A06O0272
A06P0224
A06O0271
A06O0270
A06P0223
A06W0196
A06O0269
A06F0163
A06O0267
A06O0266
A06F0161
A06O0265
A06W0195
A06P0219
A06C0171
A06P0217
A06A0109
A06A0108
A06P0213
A06A0104
A06W0193
A06P0212
A06O0263
A06O0262
A06O0261
A06F0156
A06O0260
A06A0101
A06F0155
A06Q0178
A06W0189
A06W0188
A06O0258
A06W0186
A06Q0175
A06W0183
A06C0161
A06W0182
A06W0181
A06O0256
A06F0154
A06C0160
A06O0254
A06P0203
A06O0253
A06C0158
A06O0251
A06W0180
A06W0179
A06W0178
A06Q0173
A06O0250
A06P0197
A06P0196
A06C0155
A06A0094
A06W0177
A06W0176
A06O0248
A06Q0172
A06P0194
A06P0193
A06F0151
A06F0150
A06O0247
A06A0093
A06Q0169
A06A0091
A06W0173
A06W0171
A06W0170
A06W0169
A06A0090
A06O0244
A06Q0167
A06Q0166
A06F0149
A06C0150
A06O0242
A06C0147
A06O0241
A06Q0164
A06Q0163
A06Q0162
A06F0148
A06O0240
A06O0239
A06W0168
A06W0167
A06P0189
A06C0146
A06O0237
A06F0145
A06P0188
A06O0236
A06Q0158
A06F0144
A06Q0157
A06Q0156
A06O0235
A06F0143
A06W0165
A06F0142
A06F0141
A06W0164
A06P0185
A06W0162
A06O0232
A06W0161
A06Q0154
A06P0181
A06C0145
A06W0160
A06P0180
A06O0228
A06F0137
A06W0159
A06W0158
A06W0156
A06W0155
A06P0175
A06A0087
A06A0086
A06W0153
A06P0168
A06W0151
A06W0150
A06F0135
A06O0223
A06Q0147
A06A0085
A06W0147
A06W0146
A06Q0146
A06O0222
A06O0221
A06C0139
A06W0144
A06O0220
A06W0143
A06O0219
A06Q0144
A06Q0143
A06O0218
A06W0141
A06W0140
A06F0130
A06C0137
A06C0136
A06W0139
A06A0084
A06O0216
A06C0133
A06O0214
A06O0213
A06F0128
A06C0131
A06F0127
A06F0126
A06Q0140
A06O0212
A06O0211
A06O0210
A06O0208
A06W0137
A06C0130
A06A0083
A06Q0139
A06A0082
A06Q0138
A06Q0136
A06W0135
A06W0134
A06W0133
A06O0207
A06A0081
A06P0157
A06A0080
A06A0078
A06A0077
A06A0075
A06W0131
A06W0130
A06O0205
A06P0152
A06C0126
A06P0151
A06P0150
A06P0149
A06W0129
A06O0204
A06O0202
A06P0148
A06P0147
A06C0125
A06Q0133
A06W0127
A06Q0131
A06O0201
A06O0200
A06O0199
A06O0198
A06P0142
A06F0119
A06W0126
A06F0118
A06C0123
A06F0116
A06A0071
A06O0197
A06O0196
A06C0122
A06O0195
A06O0194
A06O0193
A06W0122
A06Q0128
A06C0118
A06C0117
A06C0116
A06O0191
A06O0190
A06O0189
A06F0112
A06O0187
A06W0118
A06O0185
A06C0113
A06C0112
A06O0184
A06O0183
A06Q0123
A06O0182
A06Q0122
A06Q0121
A06C0109
A06Q0120
A06C0108
A06C0107
A06O0178
A06P0131
A06W0114
A06Q0115
A06O0177
A06O0176
A06O0175
A06W0113
A06F0106
A06W0109
A06Q0114
A06P0120
A06O0171
A06W0108
A06O0169
A06F0103
A06Q0110
A06O0168
A06A0068
A06O0167
A06O0166
A06A0066
A06F0102
A06P0123
A06W0105
A06Q0108
A06O0163
A06P0111
A06W0101
A06O0160
A06O0159
A06C0096
A06W0098
A06O0158
A06A0065
A06O0156
A04O0357
A06O0155
A06Q0107
A06A0064
A06Q0106
A06Q0105
A06F0099
A06Q0102
A06O0153
A06C0092
A06W0094
A06Q0101
A06W0093
A06W0092
A06Q0100
A06O0152
A06W0090
A06C0088
A06O0150
A06W0089
A06O0149
A06O0147
A06O0146
A06O0145
A06Q0098
A06Q0097
A06W0087
A06O0144
A06O0142
A06C0087
A06W0084
A06O0140
A06A0054
A06O0139
A06P0104
A06W0080
A06W0079
A06O0135
A06A0052
A06C0084
A06Q0091
A06F0091
A06O0133
A06O0132
A06W0077
A06W0076
A06F0089
A06O0131
A06A0051
A06W0074
A06Q0087
A06W0072
A06W0071
A06C0081
A06P0095
A06P0094
A06W0069
A06O0128
A06C0079
A06O0127
A06A0049
A06F0081
A06C0075
A06A0047
A06C0074
A06O0124
A06O0123
A06O0122
A06W0067
A06O0121
A06C0071
A06W0066
A06C0070
A06Q0082
A06C0068
A06A0043
A06A0042
A06P0086
A06C0067
A06A0041
A06O0118
A06O0117
A06O0116
A06W0064
A06C0066
A06O0115
A06C0065
A06C0063
A06O0113
A06P0081
A06P0079
A06P0078
A06C0059
A06W0062
A06O0112
A06A0038
A06Q0078
A06O0111
A06P0075
A06W0059
A06Q0076
A06A0037
A06A0036
A06P0069
A06Q0075
A06O0107
A06O0106
A06W0058
A06W0056
A06F0070
A06C0056
A06O0102
A06O0101
A06P0067
A06Q0074
A06A0034
A06O0100
A06P0066
A06A0033
A06P0065
A06P0064
A06F0068
A06Q0071
A06A0032
A06F0067
A06F0066
A06O0097
A06Q0070
A06W0053
A06W0052
A06W0051
A06C0052
A06A0031
A06F0064
A06W0050
A06O0096
A06O0095
A06O0092
A06O0091
A06O0090
A06Q0066
A06O0089
A06W0049
A06P0057
A06P0056
A06O0087
A06P0053
A06F0060
A06O0086
A06O0085
A06Q0063
A06F0058
A06C0044
A06Q0061
A06W0046
A06O0058
A06F0035
A06P0030
A06W0033
A06O0056
A06P0029
A06A0021
A06A0020
A06A0019
A06W0032
A06O0055
A06O0054
A06F0033
A06O0053
A06F0030
A06O0052
A06F0028
A06O0051
A06O0050
A06O0049
A06O0048
A06O0047
A06O0046
A06W0031
A06W0030
A06C0023
A06W0029
A06F0027
A06F0025
A06O0044
A06O0043
A06C0021
A06O0042
A06O0041
A06Q0032
A06C0020
A06Q0030
A06O0040
A06Q0029
A06A0018
A06A0017
A06O0039
A06O0038
A06A0016
A06A0015
A06C0017
A06Q0025
A06F0023
A06C0016
A06P0022
A06P0020
A06Q0024
A06Q0023
A06A0014
A06W0026
A06A0013
A06O0035
A06O0034
A06W0025
A06Q0020
A06W0024
A06Q0018
A06O0033
A06O0032
A06O0031
A06O0030
A06F0022
A06F0021
A06Q0019
A06Q0016
A06C0013
A06A0012
A06C0012
A06Q0015
A06Q0014
A06Q0013
A06A0011
A06A0010
A06A0009
A06P0014
A06Q0012
A06Q0011
A06O0027
A06F0014
A06O0026
A06W0021
A06O0024
A06F0011
A06F0010
A06P0013
A06P0012
A06F0015
A06O0022
A06C0010
A06O0020
A06Q0005
A06O0019
A06W0017
A06W0016
A06P0010
A06O0015
A06A0005
A06O0014
A06F0007
A06O0013
A06C0006
A06O0012
A06F0006
A06F0005
A06Q0004
A06O0008
A06O0007
A06P0007
A06O0005
A06A0003
A06W0014
A06W0013
A06W0012
A06Q0003
A06Q0002
A06O0004
A06W0010
A06C0004
A06W0009
A06W0008
A06W0007
A06P0006
A06P0005
A06F0003
A06P0004
A06P0003
A06A0001
A05O0297
A06F0002
A06W0004
A06F0001
A06W0003
A06O0003
A06O0002
A05O0296
A06W0002
A06C0003
A06C0002
A06Q0001
A05O0295
A06O0001
A05O0294
A05O0293
A05O0292
A05C0225
A05O0290
A05F0204
A05O0289
A05O0288
A05O0287
A05O0286
A05P0305
A05O0285
A05C0223
A05A0162
A05O0284
A05W0251
A05C0222
A05C0222
A05Q0234
A05Q0232
A05Q0231
A05A0161
A05P0303
A05P0301
A05W0250
A05O0283
A05O0282
A05O0281
A05P0300
A05O0280
A05P0298
A05Q0230
A05Q0229
A05W0249
A05W0248
A05W0247
A05C0221
A05Q0228
A05C0219
A05P0296
A05O0279
A05O0278
A05F0196
A05A0159
A05P0293
A05O0277
A05O0276
A05O0275
A05W0245
A05O0274
A05O0273
A05A0156
A05W0243
A05W0242
A05Q0226
A05F0194
A05O0272
A05A0155
A05A0155
A05F0193
A05Q0225
A05O0270
A05O0269
A05W0241
A05W0240
A05O0268
A05F0192
A05Q0224
A05O0265
A05Q0223
A05W0239
A05O0264
A05A0154
A05O0263
A05O0262
A05Q0221
A05Q0220
A05P0289
A05O0261
A05P0288
A05C0214
A05W0237
A05Q0219
A05Q0218
A05A0151
A05O0260
A05W0236
A05P0285
A05P0284
A05P0282
A05F0185
A05Q0216
A05C0210
A05Q0215
A05C0209
A05W0233
A05O0257
A05O0257
A05W0232
A05W0229
A05C0207
A05W0228
A05O0256
A05O0255
A05F0182
A05F0181
A05F0180
A05O0254
A05C0204
A05W0227
A05O0253
A05O0252
A05Q0211
A05Q0210
A05W0226
A05Q0207
A05O0251
A05C0200
A05O0250
A05O0249
A05A0148
A05A0147
A05A0146
A05P0268
A05Q0205
A05Q0204
A05W0224
A05O0248
A05W0223
A05O0247
A05O0245
A05W0222
A05C0198
A05O0242
A05Q0202
A05W0219
A05Q0201
A05P0262
A05C0194
A05Q0200
A05C0193
A05P0261
A05W0218
A05F0171
A05F0172
A05F0169
A05O0239
A05Q0198
A05A0143
A05C0192
A05Q0196
A05O0237
A05O0236
A05O0235
A05Q0195
A05O0234
A05A0138
A05Q0194
A05P0254
A05F0167
A05F0166
A05F0165
A05P0253
A05W0216
A05O0233
A05P0252
A05W0213
A05O0232
A05O0231
A05Q0192
A05F0163
A05Q0190
A05W0211
A05P0249
A05Q0188
A05Q0187
A05P0246
A05O0230
A05P0245
A05Q0185
A05C0187
A05C0187
A05C0187
A05Q0182
A05O0229
A05O0228
A05O0225
A05A0135
A05O0224
A05O0223
A05A0132
A05O0221
A05Q0178
A05P0239
A05P0238
A05P0237
A05P0235
A05Q0177
A05Q0176
A05W0204
A05C0182
A05W0203
A05O0216
A05O0215
A05F0160
A05W0202
A05C0181
A05Q0174
A05O0214
A05A0130
A05A0127
A05O0213
A05A0125
A05O0212
A05W0200
A05W0200
A05Q0171
A05A0122
A05W0196
A05W0195
A05O0211
A05O0210
A05C0176
A05Q0169
A05A0120
A05W0193
A05F0158
A05O0209
A05W0192
A05W0192
A05P0226
A05P0225
A05O0207
A05O0206
A05F0155
A05F0154
A05O0205
A05W0189
A05P0223
A05Q0161
A05Q0160
A05P0220
A05W0188
A05P0215
A05W0185
A05P0213
A05O0200
A05F0150
A05O0198
A05P0210
A05O0197
A05Q0157
A05Q0157
A05C0166
A05A0114
A05Q0155
A05Q0154
A05O0193
A05O0192
A05W0179
A05A0113
A05F0144
A05Q0153
A05Q0152
A05A0112
A05W0177
A05Q0151
A05Q0150
A05Q0149
A05Q0148
A05Q0147
A05A0110
A05F0143
A05O0188
A05O0187
A05A0107
A05W0174
A05W0173
A05O0186
A05O0185
A05O0184
A05C0164
A05F0140
A05O0182
A05O0181
A05O0180
A05W0172
A05Q0146
A05Q0145
A05W0169
A05W0169
A05W0168
A05C0162
A05O0178
A05C0161
A05W0167
A05F0136
A05O0176
A05F0135
A05C0159
A05W0166
A05W0165
A05A0104
A05A0103
A05O0174
A05P0202
A05C0156
A05O0170
A05W0164
A05O0169
A05Q0140
A05P0201
A05W0162
A05C0153
A05O0168
A05F0134
A05A0101
A05A0100
A05W0161
A05O0167
A05O0166
A05O0165
A05O0164
A05F0132
A05O0163
A05O0162
A05O0160
A05Q0136
A05W0159
A05Q0134
A05C0144
A05P0195
A05C0143
A05Q0132
A05P0192
A05P0191
A05C0140
A05H0002
A05H0002
A05P0189
A05A0096
A05W0154
A05C0139
A05C0138
A05Q0127
A05A0093
A05C0137
A05O0152
A05O0151
A05O0150
A05F0123
A05Q0123
A05C0133
A05C0132
A05Q0121
A05A0090
A05W0145
A05A0088
A05C0129
A05P0177
A05A0087
A05P0175
A05W0143
A05W0142
A05C0126
A05C0125
A05Q0118
A05A0084
A05A0083
A05A0082
A05O0141
A05P0171
A05F0119
A05P0170
A05F0118
A05W0140
A05Q0116
A05C0121
A05W0139
A05F0117
A05O0139
A05Q0113
A05Q0110
A05C0119
A05F0115
A05W0135
A05A0080
A05O0135
A05P0168
A05O0134
A05F0109
A05O0133
A05O0132
A05A0077
A05A0076
A05P0166
A05C0118
A05P0163
A05A0072
A05P0162
A05C0114
A05C0113
A05O0128
A05Q0105
A05W0129
A05A0069
A05A0068
A05W0127
A05W0126
A05W0122
A05W0121
A05F0106
A05W0120
A05O0124
A05O0123
A05O0122
A05O0121
A05W0117
A05P0142
A05W0115
A05F0105
A05W0114
A05W0113
A05F0104
A05W0112
A05F0102
A05W0111
A05W0110
A05O0119
A05C0106
A05W0109
A05W0107
A05W0103
A05C0104
A05W0102
A05O0117
A05O0116
A05C0101
A05C0100
A05P0133
A05O0113
A05P0128
A05P0126
A05Q0096
A05A0064
A05W0098
A05Q0095
A05Q0094
A05Q0093
A05A0063
A05P0123
A05O0111
A05W0096
A05Q0089
A05C0094
A05W0094
A05O0108
A05O0107
A05O0106
A05O0105
A05A0062
A05A0061
A05Q0086
A05A0060
A05A0059
A05W0092
A05Q0085
A05W0090
A05C0088
A05Q0084
A05W0089
A05P0112
A05C0087
A05P0111
A05F0094
A05Q0083
A05F0093
A05C0084
A05Q0077
A05O0101
A05O0100
A05C0082
A05O0098
A05Q0074
A05Q0073
A05O0096
A05O0095
A05C0080
A05F0089
A05P0106
A05C0079
A05W0083
A05F0088
A05C0077
A05W0080
A05O0093
A05P0102
A05O0091
A05A0053
A05Q0069
A05W0079
A05W0078
A05F0086
A05C0075
A05O0089
A05O0088
A05W0077
A05A0052
A05A0051
A05P0092
A05P0090
A05W0075
A05W0074
A05Q0067
A05C0073
A05O0085
A05O0084
A05W0072
A05Q0065
A05O0083
A05Q0064
A05A0047
A05A0046
A05A0045
A05P0080
A05A0044
A05O0082
A05P0079
A05C0069
A05F0083
A05W0071
A05Q0061
A05Q0060
A05W0069
A05F0080
A05P0070
A05W0068
A05W0067
A05F0079
A05W0065
A05W0063
A05W0062
A05W0061
A05O0079
A05P0067
A05P0066
A05C0066
A05O0078
A05F0075
A05C0064
A05F0074
A05C0059
A05Q0053
A05A0039
A05W0060
A05Q0051
A05F0073
A05W0059
A05Q0050
A05A0037
A05F0072
A05P0062
A05O0076
A05O0073
A05F0071
A05F0070
A05P0057
A05C0051
A05Q0045
A05P0056
A05F0065
A05Q0044
A05O0070
A05W0057
A05F0063
A05W0054
A05W0053
A05O0069
A05C0048
A05Q0042
A05W0052
A05P0051
A05Q0040
A05W0051
A05W0049
A05C0045
A05A0035
A05C0042
A05Q0039
A05O0063
A05O0062
A05O0061
A05Q0038
A05C0040
A05W0047
A05W0046
A05O0060
A05O0059
A05O0058
A05A0032
A05O0055
A05F0053
A05F0052
A05F0051
A05O0054
A05Q0036
A05Q0035
A05Q0034
A05A0031
A05F0050
A05Q0033
A05O0053
A05C0037
A05Q0032
A05F0049
A05C0036
A05Q0031
A05A0030
A05A0029
A05F0047
A05W0043
A05C0035
A05Q0030
A05O0052
A05O0051
A05O0050
A05O0049
A05O0048
A05O0046
A05O0045
A05P0042
A05P0040
A05W0042
A05Q0029
A05P0039
A05C0031
A05W0041
A05O0044
A05A0027
A05P0038
A05A0026
A05W0039
A05W0038
A05W0037
A05O0043
A05O0042
A05O0041
A05C0030
A05Q0027
A05P0036
A05W0036
A05Q0024
A05F0036
A05Q0023
A05O0040
A05A0025
A05W0035
A05W0034
A05W0033
A05Q0022
A05A0022
A05O0039
A05O0036
A05W0031
A05W0030
A05O0035
A05Q0020
A05P0033
A05O0034
A05F0032
A05O0031
A05O0030
A05O0029
A05O0028
A05F0031
A05A0019
A05A0018
A05F0029
A05P0031
A05W0028
A05P0030
A05Q0018
A05F0028
A05F0027
A05P0029
A05W0027
A04P0431
A05P0027
A05P0026
A05W0025
A05F0022
A05F0021
A05W0023
A05W0021
A05A0014
A05C0023
A05P0023
A05A0013
A05F0018
A05F0017
A05O0023
A05A0012
A05A0010
A05Q0015
A05Q0014
A05W0017
A05O0021
A05O0020
A05O0019
A05O0018
A05W0015
A05Q0013
A05Q0012
A05Q0011
A05Q0010
A05Q0009
A05W0013
A05A0008
A05O0016
A05Q0008
A05P0022
A05P0020
A05W0010
A05Q0007
A05O0015
A05Q0006
A05O0014
A05O0013
A05W0009
A05O0012
A05W0008
A05W0007
A05W0006
A05W0005
A05P0014
A05P0013
A05O0010
A05O0009
A05P0012
A05O0007
A05F0007
A05C0013
A05W0004
A05C0011
A05A0003
A05Q0004
A05W0003
A05C0007
A05C0005
A04O0356
A05F0004
A05W0002
A04P0429
A04O0355
A04W0283
A05P0006
A04O0354
A04O0353
A04O0352
A05O0003
A04P0428
A04F0226
A05O0002
A05F0002
A04O0351
A05A0002
A04F0223
A05Q0002
A04O0349
A05P0002
A05O0001
A05Q0001
A04O0347
A04O0346
A05F0001
A04O0344
A04Q0200
A04P0426
A04P0425
A04P0424
A04W0279
A04O0342
A04O0341
A04O0340
A04O0339
A04Q0199
A04Q0199
A04O0338
A04A0161
A04C0234
A04C0233
A04A0160
A04W0277
A04Q0198
A04W0276
A04F0219
A04O0337
A04Q0197
A04Q0197
A04C0227
A04C0225
A04P0420
A04W0274
A04A0158
A04A0157
A04Q0196
A04W0272
A04A0156
A04Q0195
A04A0155
A04O0336
A04O0336
A04W0271
A04W0270
A04Q0194
A04C0223
A04C0222
A04W0267
A04O0335
A04P0419
A04C0220
A04P0418
A04W0266
A04O0334
A04O0333
A04A0151
A04Q0192
A04Q0191
A04W0262
A04C0219
A04P0415
A04C0216
A04Q0190
A04Q0189
A04C0215
A04C0214
A04C0213
A04O0332
A04O0331
A04W0261
A04C0211
A04C0209
A04P0414
A04Q0187
A04C0208
A04C0207
A04O0330
A04F0209
A04O0329
A04O0327
A04W0258
A04W0257
A04O0326
A04F0205
A04W0256
A04P0404
A04C0205
A04A0144
A04Q0181
A04W0252
A04W0251
A04C0202
A04C0200
A04F0204
A04O0325
A04F0203
A04O0323
A04C0198
A04O0322
A04F0201
A04A0141
A04C0197
A04C0195
A04O0317
A04O0316
A04O0315
A04O0314
A04W0245
A04Q0179
A04O0313
A04F0199
A04A0140
A04P0398
A04W0243
A04W0242
A04O0312
A04A0136
A04Q0177
A04W0241
A04A0134
A04W0239
A04Q0176
A04W0238
A04O0311
A04O0310
A04O0309
A04O0308
A04C0193
A04P0397
A04P0397
A04F0196
A04F0195
A04W0237
A04P0396
A04O0305
A04C0192
A04P0393
A04O0304
A04C0190
A04F0194
A04F0193
A04W0235
A04C0189
A04P0391
A04O0300
A04A0133
A04F0192
A04P0389
A04P0388
A04Q0167
A04O0298
A04W0233
A04O0297
A04W0232
A04A0132
A04A0131
A04A0130
A04A0129
A04O0296
A04P0387
A04P0386
A04F0189
A04W0230
A04F0187
A04Q0165
A04C0188
A04O0295
A04O0294
A04F0185
A04O0293
A04P0382
A04Q0164
A04O0291
A04C0187
A04O0290
A04W0228
A04O0288
A04O0287
A04C0186
A04W0226
A04H0004
A04C0185
A04P0375
A04W0223
A04F0160
A04C0159
A04O0228
A04Q0138
A04W0180
A04Q0136
A04A0102
A04P0332
A04P0331
A04F0154
A04A0100
A04F0150
A04P0325
A04Q0134
A04O0223
A04P0323
A04O0220
A04Q0129
A04Q0128
A04P0320
A04P0319
A04O0217
A04O0216
A04F0146
A04P0311
A04C0152
A04W0176
A04W0175
A04O0214
A04P0308
A04O0213
A04Q0123
A04P0307
A04O0212
A04A0098
A04W0174
A04W0173
A04P0304
A04P0303
A04A0097
A04O0204
A04P0299
A04P0297
A04A0095
A04F0141
A04Q0118
A04Q0117
A04P0295
A04O0199
A04W0168
A04O0198
A04P0294
A04A0093
A04F0138
A04A0092
A04F0137
A04Q0114
A04A0091
A04A0090
A04A0089
A04Q0113
A04W0165
A04F0129
A04A0086
A04A0085
A04P0286
A04W0161
A04W0160
A04W0159
A04W0158
A04W0157
A04A0081
A04Q0110
A04P0283
A04P0281
A04O0190
A04W0156
A04F0122
A04W0155
A04C0140
A04W0154
A04F0120
A04O0188
A04W0153
A04O0187
A04W0151
A04Q0106
A04F0128
A04P0273
A04C0137
A04Q0104
A04W0150
A04F0119
A04W0148
A04W0146
A04W0144
A04O0184
A04W0143
A04Q0102
A04Q0101
A04O0183
A04A0074
A04P0261
A04P0260
A04P0259
A04O0182
A04O0181
A04O0180
A04O0179
A04O0178
A04F0116
A04Q0099
A04O0176
A04P0253
A04P0252
A04F0115
A04P0250
A04W0141
A04C0132
A04Q0098
A04Q0097
A04C0131
A04C0130
A04Q0095
A04F0114
A04P0246
A04F0113
A04A0072
A04Q0094
A04O0169
A04Q0093
A04W0134
A04F0112
A04P0241
A04F0111
A04O0168
A04A0071
A04A0070
A04A0069
A04Q0092
A04F0109
A04P0239
A04C0128
A04C0126
A04W0128
A04C0123
A04A0067
A04O0164
A04O0161
A04O0160
A04W0123
A04O0159
A04Q0089
A04W0122
A04W0121
A04W0120
A04W0119
A04P0207
A04O0157
A04O0156
A04F0103
A04F0102
A04O0154
A04O0153
A04O0152
A04P0205
A04Q0085
A04P0204
A04O0150
A04A0064
A04W0114
A04O0147
A04F0097
A04W0113
A04C0114
A04C0113
A04O0145
A04Q0084
A04P0197
A04P0196
A04W0110
A04A0062
A04F0094
A04O0144
A04P0195
A04O0143
A04O0142
A04O0141
A04P0193
A04O0140
A04C0112
A04O0138
A04F0101
A04P0191
A04O0136
A04P0190
A04F0095
A04O0134
A04Q0083
A04C0108
A04P0188
A04W0106
A04W0105
A04A0059
A04Q0082
A04A0058
A04W0103
A04C0105
A04C0104
A04A0057
A04A0057
A04F0092
A04C0103
A04O0128
A04Q0080
A04F0090
A04W0101
A04W0100
A04O0126
A04Q0079
A04F0089
A04A0056
A04A0055
A04F0088
A04A0054
A04O0125
A04W0099
A04O0123
A04A0053
A04A0052
A04O0122
A04O0121
A04O0120
A04O0119
A04P0182
A04P0181
A04Q0075
A04P0176
A04Q0074
A04O0117
A04C0099
A04Q0073
A04C0098
A04P0169
A04A0051
A04C0097
A04W0096
A04F0083
A04W0094
A04W0093
A04C0096
A04Q0072
A04Q0069
A04O0114
A04P0162
A04Q0068
A04F0080
A04P0160
A04O0112
A04W0086
A04P0157
A04Q0067
A04O0110
A04O0109
A04A0049
A04P0156
A04W0085
A04C0095
A04W0083
A04Q0062
A04Q0061
A04O0108
A04F0078
A04P0153
A04Q0059
A04C0093
A04Q0056
A04W0079
A04P0151
A04P0148
A04Q0054
A04W0077
A04P0144
A04P0143
A04C0091
A04O0106
A04P0141
A04A0045
A04F0075
A04W0074
A04W0073
A04O0105
A04P0140
A04O0104
A04P0139
A04P0138
A04P0137
A04Q0051
A04O0103
A04O0103
A04F0072
A04A0043
A04A0042
A04Q0050
A04C0090
A04O0102
A04F0071
A04O0101
A04C0088
A04F0067
A04F0065
A04F0064
A04F0063
A04P0130
A04P0129
A04P0125
A04P0124
A04Q0049
A04Q0049
A04Q0049
A04A0041
A04C0085
A04W0069
A04C0082
A04O0100
A04F0060
A04P0122
A04P0120
A04P0118
A04O0098
A04O0097
A04O0096
A04O0093
A04Q0047
A04P0115
A04W0068
A04P0113
A04W0066
A04F0059
A04W0065
A04C0079
A04C0078
A04A0038
A04W0064
A04O0091
A04O0090
A04O0089
A04O0088
A04F0056
A04P0109
A04C0074
A04C0073
A04F0055
A04A0034
A04W0063
A04W0061
A04O0085
A04C0071
A04W0059
A04Q0041
A04C0070
A04W0058
A04W0057
A04C0069
A04C0067
A04O0083
A04O0082
A04Q0040
A04P0093
A04O0080
A04O0079
A04O0078
A04P0091
A04Q0035
A04O0077
A04P0088
A04P0082
A04O0074
A04P0076
A04W0051
A04W0050
A04P0073
A04P0072
A04O0073
A04C0063
A04W0049
A04O0070
A04O0069
A04Q0032
A04P0066
A04Q0031
A04O0067
A04O0066
A04P0062
A04P0058
A04O0062
A04C0060
A04P0055
A04W0045
A04A0027
A04O0061
A04O0060
A04F0047
A04F0049
A04W0043
A04O0058
A04C0054
A04C0053
A04A0022
A04P0051
A04W0041
A04O0057
A04O0056
A04F0044
A04O0055
A04P0049
A04O0054
A04C0052
A04C0050
A04Q0024
A04P0048
A04O0053
A04P0047
A04P0046
A04W0038
A04A0020
A04W0037
A04O0051
A04F0041
A04F0040
A04W0036
A04P0044
A04P0043
A04W0033
A04O0050
A04O0049
A04Q0019
A04C0046
A04O0048
A04O0047
A04O0046
A04O0045
A04W0032
A04W0032
A04A0019
A04P0036
A04A0018
A04O0042
A04C0041
A04W0031
A04P0033
A04O0040
A04F0032
A04W0030
A04O0039
A04O0038
A04O0037
A04W0028
A04F0031
A04F0030
A04C0036
A04C0035
A04C0034
A04O0036
A04O0034
A04O0032
A04F0027
A04W0027
A04W0026
A04A0015
A04A0014
A04F0025
A04C0031
A04A0013
A04W0024
A04W0023
A04W0022
A04O0030
A04O0029
A04F0022
A04O0028
A04F0021
A04O0027
A04F0020
A04C0029
A04P0018
A04F0015
A04O0026
A04O0025
A04O0024
A04C0027
A04W0020
A04Q0015
A04A0011
A04O0023
A04P0014
A04C0024
A04C0023
A04Q0013
A04A0009
A04W0018
A04Q0012
A04Q0011
A04O0022
A04F0010
A04Q0009
A04F0009
A04O0021
A04O0020
A04F0008
A04O0019
A04A0007
A04F0007
A04Q0008
A04O0018
A04O0017
A04O0016
A04C0018
A04A0006
A04Q0006
A04W0015
A04W0014
A04C0017
A04W0013
A04W0012
A04H0001
A04H0001
A04H0001
A03O0357
A04O0014
A04O0013
A04O0012
A04F0003
A04O0011
A04A0005
A04C0016
A04C0016
A04W0010
A04C0013
A04C0011
A04Q0004
A04C0010
A04Q0003
A04C0008
A04A0003
A04O0010
A04W0007
A04W0006
A04C0006
A04W0005
A04O0009
A04O0008
A04F0001
A03C0307
A04C0004
A04O0007
A03C0306
A04O0006
A03Q0206
A03F0214
A03O0356
A04W0003
A04W0002
A04O0005
A04O0004
A03F0213
A03W0245
A03W0244
A04O0003
A04Q0001
A04P0002
A04W0001
A03O0355
A03W0243
A03O0354
A03Q0205
A03O0352
A03O0351
A03A0134
A03Q0203
A03O0347
A03O0346
A03O0345
A03P0359
A03Q0202
A03C0304
A03C0303
A03W0241
A03A0133
A03W0239
A03C0302
A03O0342
A03O0340
A03Q0201
A03W0237
A03Q0199
A03P0352
A03O0339
A03O0338
A03O0337
A03O0336
A03W0236
A03Q0198
A03A0131
A03C0301
A03A0130
A03Q0196
A03O0334
A03W0235
A03W0233
A03O0332
A03O0331
A03Q0194
A03F0207
A03O0330
A03Q0193
A03A0129
A03O0329
A03Q0192
A03O0328
A03Q0191
A03C0293
A03O0327
A03O0326
A03O0325
A03P0345
A03W0231
A03Q0189
A03Q0188
A03W0230
A03Q0187
A03O0323
A03O0322
A03F0202
A03Q0186
A03W0229
A03Q0185
A03W0228
A03Q0184
A03Q0183
A03F0201
A03A0125
A03P0343
A03O0320
A03W0226
A03O0319
A03O0318
A03Q0180
A03C0288
A03P0340
A03W0225
A03F0199
A03O0316
A03Q0175
A03Q0174
A03O0315
A03A0124
A03O0312
A03A0122
A03F0196
A03O0310
A03C0287
A03Q0173
A03F0195
A03Q0172
A03C0285
A03P0332
A03Q0171
A03P0330
A03O0307
A03O0305
A03O0304
A03O0303
A03O0302
A03C0284
A03P0325
A03C0282
A03C0281
A03W0224
A03P0323
A03F0191
A03A0121
A03O0300
A03O0299
A03F0188
A03O0298
A03O0297
A03O0296
A03C0278
A03A0117
A03C0277
A03Q0166
A03Q0165
A03F0185
A03O0294
A03W0220
A03W0219
A03P0311
A03P0310
A03O0293
A03O0292
A03C0275
A03W0218
A03Q0164
A03F0182
A03C0271
A03F0180
A03F0178
A03F0177
A03F0176
A03F0175
A03O0291
A03F0174
A03W0215
A03Q0163
A03O0290
A03F0172
A03Q0161
A03Q0159
A03O0283
A03O0282
A03A0111
A03W0213
A03F0169
A03O0281
A03F0168
A03W0210
A03O0278
A03A0110
A03Q0156
A03O0277
A03O0276
A03O0275
A03Q0155
A03O0271
A03W0209
A03O0269
A03O0268
A03W0208
A03W0207
A03P0301
A03W0205
A03W0204
A03W0203
A03C0260
A03C0259
A03Q0152
A03Q0151
A03P0293
A03A0109
A03Q0150
A03P0290
A03W0202
A03W0202
A03O0266
A03O0265
A03W0200
A03W0197
A03C0253
A03O0263
A03C0252
A03P0289
A03F0165
A03O0259
A03O0257
A03W0193
A03F0162
A03C0248
A03P0282
A03H0002
A03H0002
A03Q0144
A03P0280
A03Q0143
A03P0279
A03P0278
A03O0255
A03W0190
A03Q0142
A03O0254
A03A0106
A03A0105
A03Q0139
A03Q0138
A03O0250
A03C0238
A03O0249
A03O0248
A03P0269
A03F0155
A03O0247
A03Q0137
A03O0245
A03P0268
A03O0243
A03W0183
A03A0104
A03O0239
A03A0103
A03P0263
A03C0230
A03Q0132
A03A0102
A03O0236
A03A0101
A03O0233
A03C0225
A03C0224
A03Q0131
A03W0179
A03F0153
A03W0178
A03Q0129
A03P0254
A03F0152
A03A0100
A03O0232
A03F0151
A03A0098
A03O0228
A03F0148
A03C0213
A03O0224
A03Q0122
A03O0223
A03Q0121
A03O0222
A03Q0120
A03Q0119
A03W0171
A03P0244
A03Q0118
A03P0240
A03O0219
A03F0140
A03O0218
A03P0236
A03O0217
A03F0138
A03W0170
A03Q0117
A03A0093
A03A0092
A03W0164
A03O0215
A03O0214
A03F0136
A03F0135
A03F0134
A03F0133
A03Q0116
A03O0213
A03P0230
A03C0202
A03P0229
A03Q0114
A03O0207
A03C0201
A03Q0113
A03F0130
A03O0206
A03Q0112
A03Q0111
A03P0225
A03P0224
A03W0161
A03C0197
A03P0221
A03C0193
A03F0128
A03W0156
A03C0192
A03W0155
A03O0201
A03W0154
A03F0141
A03A0083
A03P0216
A03A0082
A03O0198
A03P0213
A03P0206
A03O0197
A03F0125
A03Q0107
A03W0152
A03C0185
A03A0081
A03P0196
A03O0195
A03O0194
A03O0193
A03F0123
A03O0191
A03O0189
A03O0187
A03O0185
A03O0183
A03C0181
A03O0182
A03P0195
A03C0179
A03Q0105
A03O0177
A03O0174
A03O0173
A03C0178
A03W0147
A03W0144
A03W0143
A03Q0101
A03Q0100
A03A0080
A03C0176
A03W0141
A03O0172
A03Q0099
A03Q0098
A03Q0097
A03Q0096
A03Q0095
A03Q0094
A03Q0092
A03W0136
A03Q0089
A03Q0088
A03W0135
A03P0186
A03O0167
A03P0184
A03P0182
A03O0166
A03W0133
A03A0079
A03O0165
A03F0119
A03F0118
A03O0164
A03O0163
A03A0078
A03W0130
A03W0129
A03P0167
A03P0166
A03O0161
A03F0116
A03O0160
A03C0158
A03Q0081
A03P0163
A03O0154
A03O0152
A03C0156
A03Q0080
A03A0070
A03A0068
A03Q0077
A03O0148
A03O0147
A03P0154
A03W0124
A03F0114
A03O0145
A03C0151
A03W0122
A03O0143
A03W0121
A03F0111
A03O0142
A03F0110
A03O0141
A03W0119
A03A0064
A03A0062
A03C0144
A03W0114
A03C0142
A03A0059
A03P0145
A03P0143
A03W0113
A03P0140
A03C0139
A03W0112
A03O0136
A03C0137
A03W0110
A03W0109
A03O0134
A03W0108
A03O0133
A03O0129
A03P0131
A03O0127
A03C0133
A03C0132
A03P0129
A03Q0068
A03O0125
A03W0105
A03W0104
A03Q0067
A03W0102
A03W0101
A03W0100
A03P0127
A03W0099
A03C0124
A03O0124
A03P0121
A03O0122
A03A0057
A03O0121
A03Q0064
A03Q0063
A03P0119
A03W0094
A03W0093
A03F0103
A03F0102
A03P0113
A03C0118
A03A0055
A03C0117
A03O0119
A03O0118
A03P0110
A03A0054
A03A0053
A03W0090
A03W0089
A03A0052
A03Q0057
A03Q0056
A03F0099
A03F0098
A03C0113
A03O0115
A03O0113
A03C0111
A03F0094
A03F0093
A03C0109
A03Q0053
A03O0111
A03O0110
A03O0109
A03P0101
A03W0085
A03Q0051
A03P0097
A03P0096
A03F0091
A03F0090
A03O0107
A03O0106
A03W0084
A03F0089
A03A0050
A03W0083
A03O0104
A03O0103
A03Q0048
A03W0082
A03P0093
A03C0098
A03P0089
A03A0049
A03P0087
A03O0102
A03F0087
A03F0085
A03C0094
A03F0084
A03W0080
A03O0096
A03O0095
A03F0083
A03F0082
A03O0094
A03C0092
A03C0091
A03Q0045
A03Q0044
A03P0086
A03P0085
A03Q0043
A03P0083
A03O0093
A03A0046
A03A0045
A03C0087
A03Q0042
A03Q0041
A03W0074
A03W0074
A03W0074
A03C0084
A03A0042
A03W0072
A03A0041
A03O0087
A03O0086
A03C0082
A03O0083
A03O0082
A03O0081
A03O0080
A03F0073
A03W0068
A03O0079
A03W0067
A03W0066
A03W0065
A03Q0040
A03O0078
A03F0071
A03O0077
A03O0076
A03F0070
A03A0037
A03P0074
A03P0073
A03O0075
A03O0072
A03W0062
A03W0061
A03W0060
A03O0071
A03W0058
A03P0070
A03W0057
A03P0069
A03P0067
A03O0070
A03W0056
A03W0055
A03P0066
A03Q0038
A03Q0037
A03F0064
A03P0065
A03F0063
A03O0068
A03C0071
A03W0052
A03O0065
A03Q0035
A03P0058
A03Q0034
A03F0060
A03P0056
A03A0032
A03O0064
A03F0059
A03O0063
A03O0062
A03P0054
A03W0050
A03O0060
A03P0052
A03W0049
A03F0058
A03Q0033
A03F0057
A03W0047
A03W0046
A03C0065
A03P0050
A03O0059
A03F0054
A03W0045
A03A0031
A03W0044
A03O0057
A03H0001
A03W0043
A03F0053
A03O0056
A03W0041
A03W0040
A03C0062
A03A0030
A03W0039
A03W0038
A03F0051
A03O0052
A03F0050
A03O0051
A03O0050
A02Q0164
A03O0048
A03Q0029
A03O0047
A03O0046
A03P0048
A03A0028
A03C0059
A03P0046
A03O0045
A03O0044
A03F0047
A03O0043
A03P0043
A03W0036
A03Q0027
A03A0027
A03F0046
A03F0045
A03P0042
A03P0041
A03C0055
A03C0053
A03F0043
A03A0026
A03C0052
A03F0042
A03P0034
A03O0037
A03A0025
A03A0023
A03F0041
A03P0032
A03C0050
A03F0040
A03O0036
A03W0034
A03F0037
A03Q0025
A03Q0024
A03W0033
A03W0032
A03W0031
A03C0048
A03A0021
A03C0047
A03P0028
A03W0028
A03C0046
A03Q0023
A03Q0022
A03Q0020
A03W0026
A03P0024
A03O0034
A03O0034
A03F0035
A03F0034
A03Q0019
A03A0016
A03O0032
A03Q0018
A03O0030
A03O0028
A03F0027
A03O0026
A03C0042
A03F0026
A03C0041
A03F0025
A03F0022
A03A0015
A03A0014
A03P0020
A03P0019
A03O0025
A03O0024
A03A0012
A03C0036
A03A0011
A03O0023
A03W0022
A03W0021
A03P0014
A03C0033
A03O0022
A03C0032
A03W0018
A03F0021
A03F0020
A03F0019
A03P0013
A03O0021
A03W0016
A03C0029
A03W0012
A03C0028
A03C0027
A03O0020
A03O0019
A03O0018
A03O0017
A03F0017
A03A0010
A03A0009
A03W0011
A03O0016
A03F0015
A03F0014
A03O0015
A03O0014
A03C0024
A03O0013
A03C0023
A03Q0013
A03A0008
A03A0007
A03P0010
A03Q0011
A03Q0009
A03A0006
A03C0015
A03W0009
A03C0014
A03A0005
A03P0009
A03P0006
A03O0011
A03P0004
A03W0008
A03C0009
A03P0003
A03F0004
A03O0010
A02O0433
A03O0009
A03O0008
A03O0007
A03Q0006
A03Q0005
A03Q0004
A03A0002
A03A0002
A02P0334
A03O0006
A03F0003
A03O0005
A02F0157
A02F0156
A03W0005
A03Q0001
A03O0003
A03O0002
A02P0332
A02F0155
A03F0001
A02F0154
A02O0431
A03O0001
A03W0004
A02O0430
A02O0429
A03A0001
A02P0327
A03W0001
A02O0428
A02O0427
A02Q0163
A02W0254
A02C0276
A02C0275
A02O0426
A02O0425
A02O0424
A02O0423
A02O0422
A02W0253
A02W0252
A02W0251
A02O0421
A02W0250
A02W0249
A02O0420
A02O0419
A02C0272
A02A0147
A02C0271
A02C0270
A02A0145
A02W0248
A02W0247
A02W0246
A02P0324
A02W0245
A02F0148
A02O0418
A02O0417
A02A0144
A02W0244
A02A0142
A02O0415
A02C0267
A02C0265
A02P0316
A02P0314
A02P0313
A02O0413
A02A0141
A02F0145
A02W0239
A02O0411
A02F0143
A02O0410
A02O0409
A02F0142
A02O0408
A02W0238
A02W0237
A02O0406
A02O0405
A02O0404
A02C0258
A02F0139
A02W0236
A02O0403
A02Q0156
A02W0235
A02C0255
A02O0402
A02O0401
A02O0400
A02A0140
A02O0399
A02O0398
A02O0397
A02Q0153
A02A0139
A02A0138
A02P0307
A02C0254
A02P0306
A02A0137
A02P0305
A02P0304
A02W0234
A02W0233
A02O0395
A02O0394
A02O0393
A02W0231
A02W0230
A02O0392
A02O0391
A02A0134
A02O0390
A02O0389
A02Q0151
A02P0299
A02F0135
A02C0250
A02O0388
A02O0387
A02O0386
A02O0385
A02O0384
A02O0382
A02O0381
A02O0378
A02P0298
A02O0377
A02O0376
A02P0296
A02O0375
A02P0295
A02O0374
A02W0227
A02W0226
A02O0373
A02O0371
A02O0370
A02W0225
A02W0224
A02C0248
A02W0222
A02Q0150
A02O0369
A02W0221
A02W0220
A02O0367
A02P0290
A02P0289
A02W0218
A02Q0149
A02O0366
A02C0245
A02C0244
A02P0282
A02Q0147
A02F0132
A02O0364
A02W0217
A02Q0146
A02A0128
A02F0130
A02F0129
A02C0240
A02O0363
A02A0127
A02O0362
A02C0238
A02A0126
A02C0237
A02W0215
A02O0361
A02O0359
A02P0272
A02A0125
A02W0212
A02W0210
A02O0357
A02O0356
A02P0266
A02C0234
A02O0355
A02O0354
A02O0353
A02F0125
A02O0352
A02O0351
A02O0350
A02O0349
A02P0264
A02W0209
A02C0232
A02A0123
A02C0243
A02O0348
A02O0347
A02Q0142
A02C0229
A02Q0141
A02W0207
A02P0261
A02O0344
A02O0343
A02A0120
A02O0342
A02O0341
A02O0340
A02C0227
A02W0204
A02C0224
A02O0338
A02O0337
A02Q0137
A02O0336
A02Q0136
A02Q0135
A02O0335
A02O0334
A02Q0134
A02W0200
A02O0332
A02W0199
A02P0247
A02W0197
A02O0331
A02C0218
A02O0329
A02W0195
A02O0327
A02O0326
A02O0325
A02O0324
A02O0321
A02F0114
A02P0243
A02P0242
A02C0210
A02Q0131
A02W0191
A02C0208
A02F0113
A02A0114
A02Q0130
A02C0207
A02O0317
A02P0240
A02O0316
A02W0189
A02F0111
A02O0315
A02O0314
A02O0313
A02O0312
A02O0311
A02O0309
A02F0110
A02O0308
A02O0306
A02O0305
A02O0303
A02F0109
A02O0300
A02O0299
A02O0298
A02W0186
A02W0185
A02P0234
A02C0204
A02W0184
A02O0297
A02Q0128
A02O0296
A02W0183
A02A0110
A02Q0125
A02Q0124
A02W0181
A02P0226
A02C0202
A02A0109
A02O0292
A02F0104
A02C0199
A02O0291
A02O0290
A02Q0123
A02A0108
A02A0108
A02A0108
A02P0217
A02O0289
A02A0107
A02A0107
A02P0215
A02P0213
A02C0196
A02P0211
A02O0286
A02W0174
A02C0197
A02A0105
A02P0210
A02W0173
A02W0173
A02W0173
A02W0172
A02P0203
A02O0281
A02W0168
A02W0167
A02O0276
A02Q0116
A02O0280
A02W0165
A02O0274
A02P0198
A02P0196
A02W0164
A02P0191
A02O0273
A02P0190
A02O0272
A02C0191
A02C0191
A02O0269
A02C0190
A02O0268
A02Q0115
A02C0189
A02W0162
A02W0161
A02O0265
A02O0264
A02A0100
A02O0263
A02F0096
A02O0262
A02P0184
A02F0094
A02W0160
A02W0158
A02C0185
A02Q0109
A02W0157
A02P0178
A02A0097
A02C0181
A02O0260
A02P0177
A02P0175
A02P0173
A02O0259
A02C0179
A02W0153
A02W0151
A02C0176
A02W0150
A02P0170
A02A0094
A02O0255
A02O0254
A02W0148
A02O0253
A02O0252
A02F0090
A02A0091
A02Q0106
A02O0251
A02O0250
A02O0249
A02O0248
A02O0247
A02O0246
A02O0245
A02A0090
A02W0147
A02C0175
A02W0144
A02F0086
A02C0174
A02P0162
A02P0161
A02W0142
A02W0141
A02P0158
A02W0140
A02A0089
A02O0241
A02W0139
A02W0138
A02O0238
A02O0235
A02P0155
A02Q0104
A02O0234
A02P0150
A02O0232
A02W0137
A02W0136
A02O0230
A02W0134
A02W0133
A02O0228
A02C0169
A02C0168
A02C0166
A02W0132
A02W0130
A02W0129
A02W0128
A02W0127
A02Q0101
A02C0165
A02C0164
A02W0124
A02C0162
A02P0146
A02P0145
A02O0224
A02Q0099
A02O0221
A02W0122
A02C0161
A02C0159
A02O0220
A02C0155
A02W0120
A02O0217
A02O0216
A02O0215
A02A0087
A02A0086
A02P0141
A02P0138
A02Q0094
A02P0137
A02O0209
A02Q0093
A02O0207
A02C0145
A02W0116
A02F0078
A02C0143
A02O0203
A02O0202
A02W0115
A02C0140
A02F0076
A02O0201
A02O0200
A02P0131
A02C0138
A02O0199
A02O0197
A02O0196
A02O0195
A02Q0087
A02Q0084
A02O0194
A02C0135
A02A0080
A02O0192
A02A0079
A02O0190
A02Q0082
A02W0109
A02P0122
A02Q0080
A02O0188
A02Q0079
A02O0186
A02O0183
A02W0106
A02W0105
A02P0117
A02Q0078
A02F0069
A02C0127
A02W0103
A02Q0077
A02C0126
A02A0077
A02C0124
A02C0124
A02F0068
A02O0180
A02O0179
A02C0123
A02F0067
A02A0075
A02Q0074
A02O0171
A02P0115
A02W0099
A02A0073
A02O0167
A02O0166
A02F0066
A02W0098
A02F0065
A02P0106
A02O0164
A02Q0069
A02C0118
A02Q0068
A02A0072
A02F0064
A02F0063
A02A0070
A02O0160
A02O0159
A02P0101
A02O0158
A02F0060
A02O0157
A02F0059
A02F0058
A02F0057
A02C0111
A02O0151
A02O0150
A02O0149
A02O0148
A02O0147
A02O0146
A02P0099
A02O0144
A02Q0064
A02A0067
A02Q0062
A02C0102
A02C0101
A02A0066
A02O0139
A02W0087
A02O0137
A02W0086
A02C0100
A02O0135
A02O0133
A02W0084
A02O0131
A02Q0058
A02Q0057
A02O0129
A02P0097
A02W0082
A02O0128
A02F0054
A02O0127
A02O0126
A02Q0056
A02O0125
A02P0095
A02W0081
A02O0124
A02O0123
A02O0122
A02Q0055
A02C0096
A02W0079
A02P0088
A02W0076
A02A0058
A02W0075
A02P0084
A02F0052
A02C0088
A02A0055
A02P0082
A02C0087
A02Q0049
A02F0051
A02W0073
A02Q0048
A02C0085
A02P0079
A02A0053
A02A0052
A02Q0047
A02W0072
A02O0117
A02O0116
A02F0049
A02C0081
A02O0115
A02C0080
A02C0079
A02A0048
A02C0078
A02A0047
A02P0076
A02O0112
A02P0074
A02O0111
A02O0110
A02A0046
A02Q0046
A02P0073
A02P0072
A02O0109
A02P0071
A02O0108
A02F0048
A02A0045
A02C0073
A02F0046
A02A0044
A02Q0044
A02F0045
A02Q0043
A02C0072
A02C0072
A02C0072
A02C0072
A02F0044
A02O0104
A02O0103
A02F0043
A02O0101
A02W0069
A02C0070
A02W0067
A02Q0042
A02O0099
A02C0067
A02C0065
A02Q0041
A02Q0040
A02P0065
A02O0098
A02O0096
A02F0041
A02O0095
A02O0094
A02O0093
A02O0092
A02O0091
A02F0040
A02O0090
A02A0042
A02A0041
A02A0040
A02Q0038
A02W0063
A02O0089
A02O0088
A02W0061
A02O0086
A02Q0035
A02C0062
A02O0085
A02F0038
A02C0060
A02C0059
A02O0084
A02F0037
A02O0083
A02O0082
A02F0036
A02P0062
A02Q0034
A02W0060
A02O0081
A02O0080
A02W0059
A02Q0033
A02C0055
A02A0038
A02A0038
A02W0057
A02Q0031
A02O0078
A02O0077
A02O0076
A02P0058
A02W0055
A02Q0028
A02O0075
A02O0074
A02O0073
A02F0030
A02O0072
A02O0070
A02O0069
A02O0068
A02F0028
A02Q0027
A02O0067
A02W0052
A02A0034
A02O0066
A02O0065
A02W0051
A02O0063
A02O0062
A02W0046
A02W0045
A02W0044
A02C0047
A02Q0026
A02P0048
A02O0060
A02C0046
A02Q0025
A02W0042
A02O0057
A02O0052
A02W0041
A02O0051
A02O0050
A02Q0024
A02O0049
A02Q0023
A02A0031
A02O0048
A02O0047
A02O0046
A02O0045
A02O0044
A02C0040
A02A0030
A02A0030
A02A0028
A02O0043
A02O0042
A02P0039
A02P0037
A02O0041
A02W0038
A02O0039
A02P0034
A02W0037
A02A0025
A02C0038
A02W0036
A02W0035
A02Q0021
A02A0021
A02O0038
A02O0037
A02F0023
A02Q0020
A02W0031
A02A0018
A02O0036
A02W0030
A02W0027
A02O0034
A02O0033
A02O0032
A02W0026
A02O0031
A02O0030
A02Q0016
A02Q0014
A02P0031
A02W0022
A02W0021
A02P0029
A02F0021
A02A0014
A02P0028
A02A0013
A02O0028
A02Q0012
A02Q0011
A02Q0010
A02P0026
A02F0019
A02O0027
A02O0026
A02A0011
A02O0025
A02P0023
A02A0010
A02C0024
A02W0017
A02P0021
A02C0022
A02O0023
A02O0022
A02O0021
A02A0009
A02Q0008
A02O0020
A02F0015
A02F0014
A02O0019
A02A0008
A02F0013
A02O0018
A02O0017
A02F0012
A02C0018
A02A0007
A02A0006
A02F0011
A02W0012
A02A0005
A02O0016
A02C0016
A02O0015
A02O0013
A01O0344
A02A0004
A02C0012
A02P0011
A02W0010
A02P0010
A02F0007
A02W0009
A02W0007
A02F0005
A02W0006
A02O0011
A01O0343
A02O0010
A02O0008
A02A0001
A01W0305
A02W0005
A02F0003
A02P0009
A02P0008
A02O0006
A02O0005
A02P0007
A02O0003
A02Q0001
A02P0006
A02O0002
A02W0003
A02W0002
A02C0005
A02P0005
A02P0004
A02C0001
A02F0001
A01F0156
A01O0342
A01O0341
A02O0001
A01C0300
A02P0001
A01P0314
A01W0304
A01W0304
A01Q0199
A01C0298
A01A0152
A01P0312
A01F0154
A01A0151
A01O0339
A01W0303
A01O0338
A01P0308
A01Q0198
A01W0302
A01W0300
A01F0152
A01C0293
A01Q0197
A01O0337
A01F0150
A01Q0196
A01O0336
A01W0296
A01Q0193
A01W0295
A01W0294
A01P0307
A01A0147
A01O0335
A01O0334
A01O0333
A01P0306
A01O0332
A01O0331
A01F0148
A01O0330
A01O0329
A01C0290
A01Q0192
A01F0147
A01O0327
A01F0146
A01O0326
A01C0289
A01P0303
A01F0145
A01C0286
A01P0300
A01W0291
A01F0143
A01W0290
A01W0289
A01A0145
A01Q0191
A01Q0190
A01W0288
A01O0323
A01F0141
A01P0295
A01Q0188
A01W0287
A01O0322
A01O0321
A01O0320
A01W0286
A01W0285
A01W0284
A01Q0187
A01O0318
A01W0283
A01C0276
A01P0292
A01W0282
A01P0291
A01Q0186
A01W0281
A01P0288
A01Q0185
A01P0287
A01W0280
A01Q0184
A01C0271
A01P0286
A01O0317
A01A0143
A01A0141
A01A0140
A01C0268
A01C0267
A01W0275
A01O0316
A01Q0183
A01O0315
A01Q0182
A01P0284
A01F0132
A01O0312
A01Q0179
A01P0276
A01C0260
A01C0259
A01P0272
A01O0311
A01W0269
A01A0135
A01O0310
A01P0269
A01O0308
A01C0254
A01O0307
A01P0267
A01P0265
A01O0306
A01P0264
A01Q0174
A01A0133
A01P0259
A01P0258
A01A0132
A01O0303
A01O0302
A01O0301
A01F0130
A01O0300
A01H0004
A01O0299
A01O0297
A01A0130
A01C0248
A01W0264
A01P0253
A01O0294
A01W0263
A01O0293
A01W0261
A01Q0170
A01O0292
A01A0128
A01O0291
A01W0260
A01Q0168
A01O0287
A01C0237
A01O0286
A01Q0167
A01C0236
A01O0285
A01O0284
A01W0257
A01W0256
A01Q0166
A01A0126
A01P0248
A01P0247
A01Q0164
A01W0254
A01A0125
A01F0125
A01O0282
A01O0281
A01O0280
A01P0243
A01W0252
A01O0276
A01O0275
A01W0251
A01O0274
A01Q0162
A01Q0161
A01O0273
A01O0272
A01C0223
A01O0271
A01O0270
A01C0222
A01P0231
A01P0230
A01W0245
A01P0227
A01Q0159
A01P0226
A01Q0157
A01W0242
A01P0225
A01W0241
A01O0267
A01P0224
A01C0220
A01A0118
A01P0222
A01O0265
A01O0264
A01O0263
A01O0262
A01W0240
A01A0117
A01O0259
A01A0114
A01O0258
A01C0219
A01W0238
A01O0257
A01O0256
A01O0255
A01O0253
A01F0119
A01A0110
A01O0251
A01C0215
A01Q0153
A01A0109
A01W0235
A01W0233
A01W0230
A01C0213
A01W0229
A01W0228
A01C0212
A01C0210
A01A0107
A01P0215
A01W0225
A01W0223
A01Q0151
A01O0246
A01A0106
A01P0213
A01P0212
A01C0209
A01A0105
A01F0117
A01P0211
A01O0243
A01O0242
A01Q0150
A01W0222
A01W0221
A01W0220
A01C0208
A01O0241
A01A0104
A01P0208
A01W0218
A01W0217
A01F0115
A01O0238
A01O0237
A01O0236
A01W0216
A01W0215
A01W0214
A01F0112
A01W0211
A01Q0148
A01W0209
A01O0234
A01Q0146
A01C0197
A01A0102
A01P0201
A01C0195
A01O0232
A01O0231
A01W0207
A01F0111
A01P0200
A01F0110
A01O0228
A01P0199
A01W0204
A01O0227
A01O0226
A01O0224
A01C0193
A01O0223
A01Q0145
A01Q0143
A01O0222
A01A0101
A01O0221
A01O0220
A01P0193
A01P0192
A01A0099
A01A0098
A01P0190
A01F0105
A01P0189
A01C0189
A01P0188
A01Q0139
A01F0104
A01W0199
A01F0103
A01O0216
A01A0097
A01P0187
A01O0215
A01O0214
A01A0095
A01P0186
A01W0194
A01Q0138
A01O0213
A01O0212
A01P0185
A01O0211
A01A0094
A01Q0136
A01Q0135
A01A0092
A01F0101
A01F0100
A01P0182
A01F0102
A01Q0134
A01P0178
A01Q0133
A01C0183
A01A0090
A01O0208
A01O0207
A01F0096
A01C0181
A01A0089
A01P0176
A01P0175
A01W0190
A01W0190
A01C0178
A01W0188
A01W0187
A01Q0132
A01W0186
A01C0175
A01F0095
A01A0086
A01W0184
A01W0183
A01Q0130
A01W0181
A01C0171
A01A0084
A01F0094
A01Q0127
A01W0175
A01W0174
A01A0083
A01O0204
A01O0203
A01O0202
A01Q0125
A01A0082
A01W0172
A01O0201
A01C0165
A01O0199
A01O0198
A01Q0121
A01A0080
A01A0078
A01A0077
A01P0164
A01F0090
A01W0169
A01A0076
A01C0155
A01O0196
A01O0195
A01O0192
A01O0191
A01O0190
A01F0089
A01O0189
A01W0168
A01W0167
A01C0154
A01Q0119
A01P0161
A01F0088
A01P0159
A01Q0115
A01O0185
A01A0074
A01A0073
A01W0165
A01W0164
A01C0152
A01F0087
A01O0184
A01A0072
A01A0071
A01Q0113
A01W0163
A01P0153
A01C0149
A01Q0112
A01P0152
A01P0149
A01W0160
A01P0148
A01O0182
A01P0145
A01C0143
A01C0141
A01O0180
A01O0179
A01W0158
A01O0178
A01W0156
A01W0155
A01C0136
A01W0154
A01O0175
A01O0174
A01F0085
A01W0153
A01O0173
A01O0172
A01F0083
A01O0171
A01W0151
A01F0082
A01A0066
A01A0065
A01W0150
A01Q0102
A01O0168
A01P0139
A01W0149
A01P0138
A01P0137
A01C0127
A01A0064
A01P0135
A01Q0100
A01A0062
A01O0163
A01O0162
A01P0133
A01C0120
A01W0144
A01Q0099
A01C0118
A01C0117
A01F0080
A01F0079
A01W0142
A01C0115
A01A0061
A01A0060
A01P0127
A01Q0097
A01Q0096
A01P0126
A01Q0095
A01A0059
A01Q0093
A01Q0092
A01W0140
A01C0110
A01F0076
A01O0152
A01O0151
A01O0150
A01O0149
A01P0123
A01W0135
A01C0108
A01C0107
A01P0122
A01P0121
A01F0072
A01C0105
A01C0102
A01C0101
A01W0133
A01Q0089
A01Q0086
A01W0129
A01P0113
A01A0057
A01A0056
A01C0099
A01O0147
A01O0146
A01O0144
A01F0068
A01P0110
A01W0125
A01W0124
A01O0141
A01W0123
A01O0140
A01O0139
A01W0120
A01Q0080
A01A0055
A01O0138
A01P0107
A01Q0079
A01Q0078
A01C0091
A01Q0076
A01A0053
A01W0117
A01C0089
A01C0087
A01W0115
A01P0099
A01P0098
A01P0096
A01Q0072
A01C0083
A01P0095
A01W0110
A01W0108
A01O0133
A01A0049
A01A0048
A01Q0071
A01Q0069
A01C0076
A01F0065
A01W0106
A01W0105
A01P0092
A01W0103
A01C0072
A01C0071
A01O0131
A01O0130
A01O0129
A01O0128
A01O0127
A01P0085
A01A0045
A01P0084
A01O0126
A01F0060
A01C0070
A01O0125
A01C0068
A01Q0066
A01C0067
A01O0124
A01C0066
A01A0043
A01C0064
A01C0064
A01Q0064
A01F0056
A01O0122
A01A0042
A01O0121
A01W0096
A01O0120
A01C0060
A01F0053
A01W0090
A01W0089
A01W0088
A01Q0063
A01P0077
A01F0052
A01O0119
A01O0117
A01O0116
A01O0115
A01O0114
A01P0073
A01P0072
A01F0051
A01A0037
A01P0070
A01O0112
A01O0111
A01W0086
A01C0056
A01Q0060
A01A0036
A01A0034
A01P0067
A01W0085
A01A0033
A01W0084
A01W0083
A01W0082
A01F0050
A01C0053
A01O0108
A01O0107
A01P0064
A01Q0058
A01Q0057
A01F0048
A01O0105
A01O0103
A01A0031
A01W0081
A01F0045
A01F0044
A01C0050
A01A0030
A01A0029
A01A0028
A01A0028
A01W0075
A01W0074
A01F0042
A01O0096
A01Q0055
A01Q0054
A01P0060
A01Q0053
A01W0072
A01O0093
A01P0058
A01W0071
A01C0046
A01O0092
A01O0090
A01W0069
A01Q0051
A01O0089
A01O0086
A01W0068
A01O0085
A01A0027
A01P0054
A01P0054
A01C0044
A01O0084
A01O0083
A01O0082
A01P0052
A01P0051
A01W0066
A01P0049
A01A0025
A01O0080
A01O0079
A01P0048
A01O0078
A01O0077
A01C0041
A01Q0047
A01F0033
A01Q0045
A01O0075
A01A0023
A01O0074
A01A0021
A01F0031
A01W0055
A01C0036
A01A0020
A01A0019
A01O0071
A01F0029
A01O0070
A01O0069
A01O0068
A01P0036
A01Q0043
A01Q0042
A01C0035
A01C0034
A01O0067
A01O0066
A01H0002
A01O0065
A01A0016
A01W0048
A01C0033
A01Q0041
A01Q0040
A01F0027
A01Q0039
A01P0031
A01P0030
A01P0029
A01Q0037
A01F0023
A01Q0036
A01C0032
A01O0064
A01F0021
A01Q0035
A01O0062
A01O0061
A01O0059
A01A0014
A01A0013
A01P0028
A01C0030
A01O0056
A01O0055
A01Q0034
A01Q0034
A01O0054
A01C0028
A01O0053
A01O0052
A01A0012
A01Q0033
A01P0026
A01W0044
A01Q0032
A01O0050
A01W0042
A01O0049
A01Q0028
A01A0011
A01O0048
A01F0020
A01W0041
A01O0045
A01O0044
A01C0023
A01O0043
A01Q0025
A01C0022
A01W0040
A01W0039
A01W0038
A01O0042
A01Q0024
A01O0041
A01Q0023
A01F0018
A01O0039
A01C0020
A01W0035
A01C0019
A01P0024
A01W0033
A01O0036
A01O0035
A01W0031
A01A0010
A01A0009
A01W0030
A01F0017
A01Q0021
A01W0029
A01O0034
A01P0023
A01O0033
A01O0032
A01F0016
A01Q0020
A01W0028
A01W0027
A01W0026
A01O0029
A01W0025
A01W0024
A01W0021
A01C0016
A01C0015
A01Q0019
A01Q0018
A01W0018
A01W0017
A01O0028
A01F0015
A01C0014
A01O0027
A01O0026
A01C0013
A01P0019
A01Q0017
A01P0018
A01C0011
A01P0016
A01O0024
A01O0023
A01P0014
A01W0015
A01O0021
A01W0014
A01P0013
A01P0012
A01W0013
A01O0019
A01O0017
A01W0011
A00O0299
A01P0009
A01O0016
A01W0010
A01F0009
A01F0008
A01A0006
A01W0008
A00A0196
A01Q0012
A01A0005
A01Q0011
A01P0008
A01P0007
A01F0007
A01O0014
A01O0013
A01A0004
A01W0006
A01Q0006
A01O0009
A00O0298
A01Q0005
A00Q0175
A00O0297
A01O0008
A01O0007
A01O0006
A01O0005
A01Q0004
A01C0005
A00P0245
A01A0003
A01O0002
A01C0003
A01O0001
A01H0001
A00C0292
A01A0002
A01A0001
A01Q0001
A00O0296
A00F0085
A01C0001
A00O0292
A00O0291
A00O0290
A00O0289
A00W0266
A00O0287
A00W0265
A00C0287
A00W0264
A00P0243
A00W0263
A00P0242
A00W0262
A00W0260
A00W0259
A00W0258
A00Q0173
A00P0238
A00O0284
A00O0283
A00P0237
A00W0256
A00Q0172
A00A0195
A00O0279
A00O0279
A00A0194
A00A0192
A00W0255
A00F0082
A00C0281
A00W0254
A00A0190
A00A0189
A00O0278
A00W0253
A00O0277
A00W0252
A00W0251
A00Q0169
A00W0250
A00O0276
A00P0235
A00W0248
A00P0231
A00P0230
A00O0274
A00Q0167
A00Q0166
A00P0227
A00O0272
A00W0246
A00C0275
A00Q0164
A00P0225
A00P0224
A00O0268
A00O0266
A00F0081
A00Q0162
A00P0223
A00Q0161
A00P0222
A00O0264
A00C0270
A00F0079
A00A0185
A00Q0158
A00W0244
A00W0243
A00W0242
A00W0241
A00W0240
A00O0262
A00W0239
A00O0261
A00A0184
A00A0183
A00O0259
A00A0182
A00O0257
A00Q0155
A00O0256
A00O0255
A00O0254
A00O0253
A00O0252
A00W0238
A00A0181
A00W0237
A00P0219
A00P0218
A00A0180
A00A0179
A00Q0151
A00A0178
A00Q0150
A00A0177
A00A0176
A00O0251
A00O0250
A00C0263
A00O0249
A00F0074
A00F0073
A00W0235
A00C0262
A00O0248
A00P0213
A00A0175
A00O0247
A00Q0149
A00O0246
A00A0174
A00C0261
A00W0234
A00F0072
A00O0245
A00C0260
A00C0260
A00C0260
A00O0244
A00C0258
A00A0173
A00O0243
A00O0242
A00O0241
A00O0240
A00F0071
A00W0230
A00A0170
A00P0210
A00P0209
A00W0229
A00O0239
A00O0237
A00F0070
A00C0253
A00O0236
A00O0235
A00P0207
A00O0233
A00O0232
A00O0230
A00Q0147
A00C0248
A00P0206
A00P0205
A00P0204
A00W0225
A00C0244
A00A0165
A00P0202
A00C0242
A00W0222
A00A0164
A00P0200
A00C0239
A00Q0142
A00P0199
A00P0199
A00C0238
A00P0198
A00O0221
A00C0237
A00F0065
A00F0064
A00O0220
A00O0219
A00O0218
A00W0219
A00A0163
A00O0215
A00Q0141
A00W0217
A00P0196
A00A0161
A00A0160
A00O0212
A00W0215
A00Q0139
A00A0157
A00F0061
A00Q0137
A00C0225
A00F0058
A00C0224
A00O0209
A00O0208
A00W0213
A00P0191
A00Q0133
A00A0155
A00P0188
A00C0220
A00Q0131
A00C0219
A00Q0129
A00A0154
A00P0184
A00C0218
A00H0005
A00H0005
A00C0217
A00O0205
A00Q0126
A00A0153
A00A0152
A00A0151
A00W0209
A00W0208
A00A0150
A00Q0125
A00A0149
A00A0148
A00Q0122
A00W0205
A00A0147
A00O0200
A00O0199
A00P0182
A00H0004
A00A0146
A00W0202
A00W0201
A00O0197
A00O0196
A00P0181
A00P0178
A00F0057
A00C0211
A00P0172
A00O0195
A00W0200
A00C0210
A00A0143
A00C0209
A00A0144
A00P0168
A00Q0118
A00A0141
A00O0194
A00W0196
A00Q0117
A00W0195
A00W0194
A00A0140
A00W0193
A00W0191
A00P0165
A00P0164
A00Q0114
A00A0139
A00A0138
A00A0137
A00W0189
A00F0056
A00P0161
A00C0200
A00O0188
A00W0188
A00Q0111
A00C0198
A00O0185
A00W0185
A00W0184
A00W0183
A00W0180
A00P0157
A00A0134
A00W0179
A00W0178
A00P0156
A00C0191
A00C0189
A00A0132
A00P0155
A00P0154
A00A0130
A00O0182
A00P0153
A00A0129
A00O0180
A00Q0104
A00O0175
A00O0174
A00O0173
A00O0172
A00O0171
A00O0169
A00C0183
A00A0126
A00A0125
A00A0124
A00A0122
A00W0167
A00O0167
A00O0165
A00F0050
A00C0180
A00C0179
A00C0178
A00P0145
A00O0162
A00A0121
A00O0161
A00O0160
A00O0159
A00O0158
A00A0120
A00O0157
A00C0177
A00P0142
A00W0162
A00P0140
A00O0155
A00O0154
A00P0138
A00A0118
A00Q0100
A00A0117
A00P0137
A00P0136
A00Q0099
A00O0153
A00O0152
A00A0115
A00A0114
A00O0151
A00A0113
A00W0160
A00W0157
A00W0156
A00W0155
A00W0154
A00W0153
A00O0149
A00Q0097
A00O0146
A00Q0095
A00F0047
A00Q0094
A00O0144
A00P0128
A00O0142
A00W0150
A00C0164
A00P0126
A00O0141
A00F0045
A00F0044
A00W0148
A00A0109
A00W0146
A00O0139
A00A0108
A00W0143
A00C0159
A00Q0090
A00P0122
A00W0142
A00O0138
A00A0105
A00C0156
A00C0154
A00O0136
A00A0104
A00O0135
A00O0134
A00W0140
A00C0147
A00C0146
A00W0137
A00Q0085
A00A0100
A00P0117
A00O0128
A00O0127
A00W0136
A00W0135
A00F0042
A00W0133
A00W0132
A00W0131
A00P0114
A00P0113
A00P0112
A00F0041
A00O0124
A00A0099
A00F0040
A00O0123
A00A0098
A00C0135
A00Q0081
A00C0127
A00Q0080
A00W0128
A00W0127
A00W0126
A00O0115
A00C0125
A00W0124
A00P0103
A00W0120
A00W0119
A00F0038
A00O0114
A00Q0074
A00O0112
A00P0101
A00C0122
A00W0118
A00Q0073
A00C0120
A00W0117
A00W0116
A00W0115
A00P0097
A00A0091
A00O0107
A00C0117
A00C0116
A00F0033
A00W0113
A00C0111
A00F0031
A00Q0070
A00O0104
A00O0103
A00C0110
A00F0030
A00A0089
A00A0088
A00O0102
A00Q0069
A00O0101
A00O0099
A00H0003
A00A0086
A00P0090
A00O0097
A00O0096
A00A0084
A00A0082
A00Q0066
A00A0081
A00O0094
A00O0093
A00Q0065
A00O0092
A00W0106
A00O0091
A00C0101
A00F0028
A00W0104
A00Q0064
A00Q0061
A00C0099
A00P0085
A00A0079
A00Q0059
A00W0099
A00W0098
A00P0083
A00O0088
A00P0081
A00O0087
A00Q0056
A00O0086
A00P0079
A00C0090
A00A0078
A00W0097
A00A0077
A00F0026
A00A0075
A00C0087
A00O0084
A00F0025
A00W0096
A00A0074
A00A0073
A00Q0052
A00O0083
A00Q0051
A00W0095
A00Q0050
A00W0093
A00W0092
A00W0091
A00A0070
A00W0090
A00C0083
A00P0073
A00W0089
A00P0072
A00P0071
A00Q0047
A00P0065
A00F0021
A00W0087
A00C0079
A00A0069
A00O0079
A00A0067
A00O0077
A00A0065
A00A0064
A00A0063
A00W0081
A00O0074
A00W0079
A00W0079
A00W0078
A00C0074
A00H0002
A00O0073
A00P0055
A00O0071
A00C0072
A00Q0042
A00A0061
A00A0060
A00P0052
A00C0070
A00O0070
A00Q0041
A00C0069
A00C0068
A00P0050
A00Q0040
A00C0067
A00C0065
A00P0048
A00A0059
A00A0058
A00O0068
A00A0057
A00A0056
A00Q0037
A00O0067
A00Q0035
A00A0054
A00Q0034
A00A0053
A00W0074
A00A0052
A00O0064
A00A0051
A00O0063
A00O0062
A00Q0031
A00O0061
A00P0044
A00P0043
A00A0049
A00P0040
A00A0048
A00A0047
A00C0059
A00C0059
A00Q0030
A00O0058
A00W0069
A00P0038
A00O0056
A00W0067
A00A0045
A00A0043
A00A0042
A00O0055
A00Q0029
A00Q0028
A00O0053
A00O0052
A00W0066
A00C0054
A00C0052
A00Q0026
A00Q0025
A00W0062
A00O0050
A00W0061
A00P0032
A00C0051
A00Q0023
A00Q0021
A00A0039
A00O0049
A00A0034
A00Q0020
A00O0047
A00P0029
A00W0053
A00W0052
A00W0051
A00O0045
A00Q0017
A00O0044
A00H0001
A00H0001
A00O0043
A00W0050
A00Q0016
A00F0014
A00Q0015
A00A0030
A00A0029
A00A0028
A00O0041
A00C0045
A00O0040
A00O0038
A00W0048
A00W0047
A00O0037
A00O0036
A00Q0014
A00A0026
A00W0045
A00O0033
A00W0038
A00P0025
A00P0024
A00A0024
A00A0023
A00W0034
A00W0033
A00A0022
A00A0021
A00F0012
A00O0029
A00C0035
A00P0020
A00A0019
A00W0030
A00C0034
A00O0026
A00W0028
A00O0025
A00P0019
A00O0024
A00A0017
A00A0016
A00W0026
A00A0015
A00P0018
A00F0011
A00O0021
A00O0020
A00C0028
A00O0018
A00O0017
A00A0010
A00P0016
A00C0023
A00O0016
A00P0015
A00P0013
A00A0008
A00A0007
A00C0021
A00P0012
A00O0015
A00Q0011
A00W0022
A00W0021
A00O0013
A00W0018
A00C0018
A00O0011
A00P0009
A00O0010
A00O0009
A00W0017
A00O0008
A00W0014
A00W0013
A00O0006
A00W0010
A00Q0008
A00Q0007
A00A0005
A00F0004
A00C0009
A00A0004
A00P0004
A00Q0005
A00A0003
A00P0003
A00Q0004
A00W0008
A00O0005
A00Q0003
A00C0003
A00W0005
A00O0002
A00O0001
A00Q0001
A00F0002
A00W0004
A00W0003
A00W0002
A00W0001
A13O0006
A13W0002
A13A0003
A13Q0008
A13O0005
A13W0001
A13Q0005
A12C0170
A13O0003
A12F0170
A13O0001
A12F0169
A13Q0004
A13A0002
A12O0217
A13Q0002
A13C0001
A13Q0001
A12Q0222
A12O0216
A12O0215
A12F0168
A12F0167
A12O0214
A12W0191
A12C0169
A12C0168
A12F0164
A12O0212
A12F0163
A12F0162
A12Q0219
A12P0219
A12P0218
A12A0125
A12A0124
A12A0123
A12Q0218
A12Q0217
A12Q0216
A12P0217
A12P0216
A12F0161
A12W0190
A12W0189
A12C0166
A12C0165
A12A0121
A12W0188
A12P0212
A12O0210
A12Q0212
A12P0209
A12P0208
A12W0186
A12W0185
A12P0207
A12O0208
A12C0162
A12Q0210
A12W0182
A12Q0209
A12P0205
A12C0161
A12O0207
A12W0181
A12O0206
A12P0203
A12Q0208
A12C0160
A12O0205
A12O0204
A12W0179
A12O0203
A12O0202
A12A0120
A12P0202
A12Q0205
A12Q0204
A12Q0203
A12P0201
A12F0148
A12C0158
A12Q0202
A12Q0201
A12O0201
A12A0117
A12C0157
A12P0200
A12Q0199
A12F0146
A12W0177
A12W0176
A12O0200
A12C0155
A12C0154
A12O0198
A12P0199
A12F0145
A12O0196
A10P0216
A10O0141
A10C0122
A10F0100
A10A0079
A10Q0111
A10W0107
A10A0078
A10Q0110
A10F0099
A10O0139
A10O0138
A10W0105
A10F0096
A10Q0109
A10W0103
A10P0210
A10W0101
A10F0094
A10P0209
A10P0207
A10W0100
A10C0117
A10P0203
A10O0134
A10C0113
A10A0076
A10C0112
A10C0111
A10Q0107
A10C0110
A10Q0106
A10C0108
A10F0091
A10F0090
A10F0089
A10F0088
A10O0132
A10P0194
A10W0095
A10Q0104
A10P0191
A10C0104
A10Q0101
A10F0085
A10C0102
A10Q0100
A10W0089
A10C0100
A10Q0099
A10A0072
A10O0131
A10O0129
A10O0128
A10O0127
A10A0071
A10C0097
A10F0083
A10Q0098
A10P0182
A10O0124
A10C0089
A10P0174
A10A0068
A10C0088
A10A0066
A10Q0097
A10H0004
A10Q0095
A10W0087
A10F0080
A10F0079
A10O0117
A10O0116
A10O0115
A10Q0094
A10P0167
A10A0064
A10C0086
A10A0063
A10Q0092
A10Q0091
A10A0062
A10A0061
A10C0084
A10O0113
A10W0085
A10P0165
A10Q0090
A10O0111
A10P0162
A10O0110
A10P0161
A10F0074
A10C0082
A10P0160
A10F0070
A10O0107
A10A0058
A10C0080
A08P0393
A08P0391
A08P0390
A08F0189
A08Q0243
A08O0350
A08O0349
A08O0348
A08O0347
A08O0346
A08O0345
A08W0247
A08O0344
A08O0343
A08C0250
A08O0342
A08O0341
A08P0382
A08P0381
A08Q0242
A08O0340
A08O0339
A08Q0240
A08O0338
A08O0337
A08W0246
A08F0184
A08O0336
A08O0335
A08C0249
A08O0334
A08W0244
A08W0244
A08O0333
A08O0333
A08C0247
A08C0246
A08Q0239
A08O0332
A08O0331
A07F0150
A07F0149
A07O0252
A07O0251
A07O0250
A07O0249
A07P0316
A07C0170
A07F0148
A07Q0179
A07Q0177
A07P0312
A07C0167
A07W0163
A07O0248
A07P0309
A07W0162
A07O0246
A07C0166
A07A0102
A07P0307
A07Q0175
A07O0242
A07Q0173
A07F0141
A07P0306
A07O0241
A07F0140
A07P0305
A07W0158
A07O0240
A07O0239
A07Q0172
A07W0156
A07Q0171
A07Q0170
A07Q0169
A07W0154
A07P0300
A07Q0168
A07P0299
A07A0098
A07Q0167
A07A0097
A07Q0166
A07P0298
A07Q0163
A07C0160
A07Q0162
A07A0094
A07Q0160
A07C0158
A07F0136
A07F0134
A07O0236
A07P0292
A07W0151
A07O0235
A07Q0158
A07O0234
A07C0154
A07O0231
A07F0133
A07F0132
A07C0153
A07O0230
A07F0131
A07O0228
A07Q0156
A07P0272
A07O0226
A07C0151
A07O0225
A07W0150
A07O0222
A07A0085
A07A0084
A07A0083
A07A0082
A07F0124
A07O0216
A07O0215
A07O0214
A07O0213
A07A0081
A07P0265
A07Q0147
A07W0148
A07O0211
A07F0120
A07O0209
A07O0206
A07P0262
A07O0205
A07Q0144
A07P0260
A07W0146
A07W0145
A07O0203
A07O0202
A06P0049
A06Q0060
A06Q0059
A06C0043
A06P0048
A06C0042
A06Q0058
A06Q0057
A06C0041
A06Q0056
A06Q0055
A06W0045
A06F0055
A06A0028
A06O0082
A06O0081
A06O0080
A06Q0054
A06O0079
A06A0027
A06O0078
A06C0036
A06C0035
A06C0034
A06A0026
A06F0052
A06P0044
A06Q0052
A06O0075
A06Q0051
A06O0074
A06F0049
A06Q0046
A06F0048
A06O0073
A06F0047
A06Q0045
A06F0046
A06Q0044
A06Q0043
A06A0025
A06Q0041
A06F0045
A06Q0040
A06Q0039
A06Q0038
A06F0044
A06C0030
A06P0042
A06Q0037
A06P0040
A06P0038
A06F0041
A06O0070
A06O0069
A06W0040
A06A0022
A06W0039
A06F0039
A06P0036
A06C0027
A06O0067
A06F0038
A06H0001
A06O0066
A06Q0036
A06Q0035
A06P0034
A06O0065
A06O0064
A06O0062
A06C0025
A06F0037
A06W0037
A06W0036
A06W0035
A06O0061
A06P0032
A06W0034
A06P0031
A04F0179
A04O0281
A04O0280
A04W0222
A04P0369
A04W0221
A04W0220
A04W0219
A04W0218
A04W0217
A04C0183
A04F0178
A04W0215
A04C0182
A04W0214
A04C0181
A04W0211
A04W0210
A04Q0155
A04O0278
A04F0177
A04P0361
A04P0360
A04P0359
A04P0356
A04A0125
A04C0178
A04P0351
A04C0175
A04P0350
A04C0174
A04Q0152
A04O0272
A04O0270
A04Q0151
A04C0173
A04P0349
A04A0122
A04P0347
A04A0121
A04P0341
A04A0120
A04O0266
A04W0202
A04P0340
A04W0201
A04O0263
A04O0262
A04O0261
A04O0260
A04O0258
A04O0255
A04W0198
A04O0253
A04O0252
A04W0197
A04O0251
A04O0250
A04W0196
A04W0195
A04O0249
A04W0194
A04C0168
A04O0248
A04F0171
A04W0192
A04C0166
A04O0247
A04P0336
A04W0189
A04O0245
A04O0244
A04O0243
A04A0117
A04F0167
A04W0187
A04W0186
A04W0185
A04O0238
A04O0237
A04W0184
A04A0111
A04O0234
A04P0334
A04A0110
A04A0110
A04A0109
A04O0233
A04A0107
A04O0232
A04A0105
A04Q0145
A04A0103
A04Q0144
A04Q0143
A04Q0142
A04C0161
A04W0183
A04O0230
A04C0160
